职位,经验,学历要求,薪酬,所在城市,所在区,工作类型1,工作类型2,公司简称,公司全称,公司规模,行业,福利优势,发布时间,职位TAG,公司TAG
Python开发工程师,3-5年,本科,15k-30k,深圳,南山区,开发/测试/运维类,后端开发,商汤科技,北京市商汤科技开发有限公司,500-2000人,移动互联网,"人工智能,福利好,技术大牛多,弹性工作",2018-04-02 14:04:45, 高级 大数据 Java, 五险一金 弹性工作 丰盛三餐 发展空间大
服务端高级开发工程师Golang/Python,3-5年,本科,35k-45k,北京,朝阳区,开发/测试/运维类,后端开发,美团点评,北京三快在线科技有限公司,2000人以上,"移动互联网,O2O","优厚待遇,技术导向",2018-04-01 23:18:23, 资深 大数据 C++ Java, 技能培训 绩效奖金 岗位晋升 领导好
高级Python开发工程师,3-5年,本科,25k-50k,北京,海淀区,开发/测试/运维类,后端开发,Face++,北京旷视科技有限公司,500-2000人,"移动互联网,硬件",大牛多,2018-04-03 10:45:34, 资深, 科技大牛公司 自助三餐 年终多薪 超长带薪假期
Python开发工程师,1-3年,硕士,18k-28k,北京,海淀区,开发/测试/运维类,后端开发,爱奇艺,北京爱奇艺科技有限公司,2000人以上,"广告营销,文化娱乐",14薪，12天带薪年假，地铁周边,2018-03-08 09:29:27, 云计算 直播 资深 高级 django, 绩效奖金 五险一金 交通补助 带薪年假
python开发工程师,3-5年,大专,12k-19k,上海,浦东新区,开发/测试/运维类,后端开发,紫川软件,深圳市紫川软件有限公司,500-2000人,"电子商务,金融",员工旅游 员工体检 五险一金,2018-04-03 16:49:12,, 节日礼物 年底双薪 绩效奖金 岗位晋升
Python,1-3年,本科,8k-16k,北京,东城区,开发/测试/运维类,后端开发,妙计旅行,北京汇行科技有限公司,150-500人,旅游,"免费三餐,晋升空间,福利待遇好",2018-04-03 16:47:21, 爬虫 大数据 Java 算法, 股票期权 十四薪 零食饮料水果 团队氛围好
Python开发工程师,1-3年,本科,10k-20k,深圳,福田区,开发/测试/运维类,后端开发,有鱼智能科技,深圳市有鱼智能科技有限公司,150-500人,"移动互联网,金融","上市公司,弹性工作制,大牛多,发展空间大",2018-04-03 15:45:31, 金融 医疗健康 文化娱乐 linux Java, 节日礼物 股票期权 带薪年假 绩效奖金
Python开发工程师,5-10年,大专,20k-40k,北京,朝阳区,开发/测试/运维类,后端开发,智影,北京源石智影科技有限公司,50-150人,"移动互联网,数据服务","五险一金,福利多多,前景好",2018-04-03 15:38:44, 大数据 Java 分布式, 专项奖金 股票期权 绩效奖金 年终分红
Python工程师,1-3年,本科,20k-35k,北京,朝阳区,开发/测试/运维类,后端开发,老虎证券,北京优虎商务服务有限公司,150-500人,"移动互联网,金融","六险一金,超多假期",2018-04-03 09:59:52, php Java, 绩效奖金 年底双薪 带薪年假 定期体检
Python开发工程师,3-5年,本科,12k-24k,苏州,工业园区,开发/测试/运维类,后端开发,苏州锦佰安,苏州锦佰安信息技术有限公司,15-50人,信息安全,"人工智能,前景广阔,福利齐全,技术领先",2018-04-03 16:26:17, linux twisted, 股票期权 弹性工作 带薪年假 绩效奖金
python研发工程师,1年以下,硕士,15k-30k,北京,朝阳区,开发/测试/运维类,后端开发,数美,北京数美时代科技有限公司,150-500人,"企业服务,数据服务","飞速发展,技术氛围浓,大牛担任导",2018-04-01 18:36:11, 大数据 数据挖掘, 年底双薪 大数据 带薪年假 通讯津贴
量化平台研发工程师-python,3-5年,本科,12k-24k,广州,番禺区,开发/测试/运维类,后端开发,经传多赢,广州经传多赢投资咨询有限公司,2000人以上,"移动互联网,金融","技术大牛多,扁平管理,快速兑现",2018-04-02 18:19:20, 资深 架构师 php Java, 绩效奖金 年度旅游 扁平管理 技能培训
Python开发工程师,3-5年,本科,8k-10k,郑州,高新区,开发/测试/运维类,后端开发,青松,青松智慧（北京）科技有限公司,15-50人,"移动互联网,企业服务","五险一金,年度旅游,年度体检,餐补",2018-04-03 09:52:50, 信息安全 高级 大数据 Java 架构, 股票期权 带薪年假 年度旅游 扁平管理
Python开发工程师,3-5年,本科,15k-25k,上海,浦东新区,技术,后端开发,纳米盒,上海进馨网络科技有限公司,50-150人,"移动互联网,教育",发展前景大、工作氛围好、技术牛人多,2018-04-03 09:23:20, 云计算 linux php Java Ruby, 股票期权 岗位晋升 扁平管理 五险一金
Python开发工程师,1-3年,大专,10k-16k,广州,海珠区,开发/测试/运维类,后端开发,AI考拉,广州财略金融信息科技有限公司,50-150人,金融,股票期权 发展空间大 福利待遇好 周末双休,2018-04-02 09:24:28, 中级 数据分析 大数据 MySQL hadoop, 股票期权 专项奖金 带薪年假 绩效奖金
Python工程师,1-3年,本科,20k-40k,北京,海淀区,开发/测试/运维类,后端开发,Face++,北京旷视科技有限公司,500-2000人,"移动互联网,硬件","技术驱动,极客氛围,大牛团队",2018-03-22 15:07:39, 中级 后端 django, 科技大牛公司 自助三餐 年终多薪 超长带薪假期
python工程师,1-3年,本科,8k-14k,深圳,福田区,开发/测试/运维类,后端开发,紫川软件,深圳市紫川软件有限公司,500-2000人,"电子商务,金融",周末双休 免费体检 员工旅游 五险一金,2018-04-03 16:49:16,, 节日礼物 年底双薪 绩效奖金 岗位晋升
Python高级开发工程师,3-5年,本科,20k-30k,上海,长宁区,开发/测试/运维类,后端开发,爱奇艺,北京爱奇艺科技有限公司,2000人以上,"广告营销,文化娱乐",创新的就业平台,2018-03-26 18:53:01, php Java, 绩效奖金 五险一金 交通补助 带薪年假
Python工程师,1-3年,硕士,10k-20k,北京,海淀区,开发/测试/运维类,后端开发,云游九州,北京云游九州空间科技有限公司,15-50人,数据服务、企业服务,"年度旅游,互联网平台,硬科技,弹性上班时",2018-04-03 12:34:15, 地图 算法 matlab 地理信息系统, 股票期权 专项奖金 带薪年假 定期体检
Python工程师,3-5年,本科,15k-30k,杭州,滨江区,开发/测试/运维类,后端开发,TELETRAAN,浙江天垂科技有限公司,15-50人,"数据服务,企业服务","弹性工作,硅谷团队,股权激励,全正版软件",2018-04-03 10:58:49, 高级 后端开发 web, 全新MAC 24+显示器 硅谷工作机会 股票期权
Python开发,3-5年,本科,20k-35k,深圳,南山区,技术,后端开发,航仕科技,上海航仕企业管理有限公司,150-500人,"移动互联网,O2O",BAT的薪资福利待遇，更有技术大牛传授技术,2018-04-02 08:49:02,, 年底双薪 午餐补助 专项奖金 绩效奖金
Python开发工程师,1-3年,大专,8k-15k,广州,番禺区,开发/测试/运维类,后端开发,稻禾科技,广州稻禾信息科技有限公司,15-50人,"企业服务,移动互联网","地铁口出口,行业前景佳,五险一金",2018-04-03 15:34:09, 中级 初级 后端开发 Java, 弹性工作 领导好 技能培训 五险一金
python开发工程师,3-5年,大专,12k-18k,深圳,福田区,开发/测试/运维类,后端开发,掌贝（云移科技）,广州云移信息科技有限公司,500-2000人,"移动互联网,O2O",五险一金 定期培训 年度体检 生日福利,2018-04-03 11:55:43, linux Java, 股票期权 岗位晋升 扁平管理 领导好
python工程师,1-3年,本科,15k-30k,深圳,南山区,开发/测试/运维类,后端开发,Minieye,深圳佑驾创新科技有限公司,50-150人,"硬件,其他","无人驾驶,车厂合作,扁平化管理,股票期权",2018-04-03 10:21:46,, 无人驾驶 国际标准 车厂合作 海归团队
Python,1-3年,本科,6k-12k,苏州,工业园区,开发/测试/运维类,后端开发,问卷网@爱调研,上海众言网络科技有限公司,150-500人,移动互联网,"带薪年假,定期体检,五险一金,福利多多",2018-04-03 09:53:25, 后端开发 web 爬虫 全栈, 技能培训 节日礼物 年底双薪 绩效奖金
Python开发工程师,5-10年,本科,20k-40k,北京,海淀区,开发/测试/运维类,后端开发,朗播网,北京博智天下信息技术有限公司,150-500人,教育,"出国旅游,免费健身,股票期权,带薪年假",2018-04-03 09:57:02, php Java web, 扁平管理 定期体检 股票期权 团建活动
Python开发工程师,3-5年,本科,15k-25k,北京,朝阳区,开发/测试/运维类,后端开发,Bespin,北京贝斯平云科技有限公司,50-150人,不限,"五险一金,补充医疗,弹性工作,福利多多",2018-04-03 09:35:02, linux 运维 OpenStack, 扁平管理 技能培训 云计算 国际化
Python开发工程师,1-3年,大专,8k-16k,杭州,余杭区,开发/测试/运维类,后端开发,牛盾网络,杭州牛盾网络技术有限公司,15-50人,"信息安全,移动互联网","六险一金,周末双休,员工旅游",2018-04-03 09:27:03, 大数据 Java 架构, 绩效奖金 带薪年假 弹性工作 扁平管理
Python 开发工程师,5-10年,本科,18k-35k,北京,大兴区,开发/测试/运维类,软件开发,金风科技,北京金风科创风电设备有限公司,2000人以上,"硬件,其他","带薪年假,节日福利,五险一金,午餐补助",2018-04-02 16:17:03, 资深 大数据 Java, 带薪年假 节日礼物 帅哥多 美女多
python开发,3-5年,大专,10k-20k,杭州,西湖区,开发/测试/运维类,软件开发,武汉佰钧成技术有限公司,武汉佰钧成技术有限责任公司,2000人以上,移动互联网,"项目大,平台优,技术新,发展好",2018-04-03 16:55:53, 云计算 软件开发 大数据 MySQL 架构, 带薪年假 计算机软件 管理规范 定期体检
python工程师,3-5年,本科,15k-30k,北京,海淀区,开发/测试/运维类,后端开发,Face++,北京旷视科技有限公司,500-2000人,"移动互联网,硬件",平台好；福利多,2018-03-22 15:07:44, 后端开发 后端 爬虫 测试平台, 科技大牛公司 自助三餐 年终多薪 超长带薪假期
Python程序员,3-5年,本科,10k-20k,厦门,思明区,技术,后端开发,点触科技,厦门点触科技股份有限公司,150-500人,"移动互联网,游戏",五险一金，双休，班车接送，免费早餐,2018-04-03 13:52:28, 游戏 php C++ Java 后端, 技能培训 节日礼物 带薪年假 绩效奖金
Python工程师,3-5年,本科,15k-23k,北京,海淀区,开发/测试/运维类,后端开发,开拓天际,北京开拓天际科技有限公司,50-150人,"数据服务,信息安全","领导好,福利好,团队优秀",2018-04-03 09:36:56, django, 年底双薪 股票期权 年终分红 节日礼物
高级Python工程师,3-5年,本科,25k-35k,北京,海淀区,开发/测试/运维类,后端开发,tataUFO,北京朗势科技有限公司,50-150人,"移动互联网,社交网络","8天年假,五险一金,扁平化管理,年终奖",2018-04-03 12:19:13,, 股票期权 五险一金 带薪年假 节日礼物
Python开发工程师,3-5年,本科,10k-20k,西安,雁塔区,开发/测试/运维类,后端开发,BOO!,西安逆袭网络科技有限公司,50-150人,"移动互联网,社交网络","弹性工作,扁平管理,五险一金,健身福利",2018-04-02 17:51:31, MySQL 数据库, 扁平化管理 弹性工作制 健身福利 设备补助
Python研发工程师,1-3年,本科,5k-10k,北京,海淀区,技术,后端开发,江山如画网络科技,北京江山如画网路科技有限责任公司,少于15人,"移动互联网,社交网络",管吃管住、顶级投资、原始股权奖励,2018-04-01 18:40:44,, 专项奖金 股票期权 绩效奖金 岗位晋升
Python软件工程师,1-3年,大专,6k-8k,宁波,镇海区,开发/测试/运维类,后端开发,宁波清车电气有限公司,宁波清车电气有限公司,15-50人,电子商务,"五险一金,做五休二,带薪年假,年底双薪",2018-03-29 16:24:39, MySQL django, 技能培训 年底双薪 带薪年假 岗位晋升
Python开发工程师,3-5年,本科,10k-20k,广州,天河区,开发/测试/运维类,软件开发,上海中软华腾软件系统有限公司,上海中软华腾软件系统有限公司,2000人以上,"企业服务,金融","外企环境,周末双休法,氛围nic",2018-04-02 17:38:06, 高级 中级 软件开发, 年底双薪 绩效奖金 带薪年假 定期体检
python工程师,3-5年,大专,8k-10k,武汉,东湖新技术开发区,开发/测试/运维类,软件开发,北蚁,武汉北蚁网络科技有限公司,50-150人,"电子商务,移动互联网","五险一金,员工旅游,休闲餐点,扁平管理",2018-03-29 18:01:38, 信息安全 电商 linux MySQL 架构, 年底双薪 绩效奖金 休闲餐点 五险一金
python,3-5年,本科,8k-15k,上海,浦东新区,开发/测试/运维类,后端开发,江苏亿科达,上海海万信息科技股份有限公司,500-2000人,"移动互联网,金融","五险一金,旅游、体检,过节福利,生日礼金",2018-04-03 10:32:52,,
python工程师,3-5年,本科,15k-25k,北京,东城区,技术,后端开发,家园网,金色家园网络科技有限公司,2000人以上,O2O,绩效奖金 股票期权 14薪,2018-04-02 11:04:34,, 节日礼物 带薪年假 绩效奖金 管理规范
Python 开发工程师,1-3年,本科,8k-12k,武汉,东湖新技术开发区,开发/测试/运维类,后端开发,深a科技,北京深a科技有限公司,50-150人,信息安全、数据服务,五险一金 定期体检 各种补助,2018-04-02 10:02:03, php Java, 技能培训 岗位晋升 管理规范 定期体检
Python开发工程师,3-5年,本科,25k-50k,上海,杨浦区,开发/测试/运维类,后端开发,TravelFlan上海,深圳市前海自乐游旅游科技有限公司,50-150人,"移动互联网,旅游","风口行业,氛围好,发展快,回报高",2018-04-01 15:31:01, 旅游 大数据 Java, 领导好 扁平管理 AI 人工智能
Python工程师,3-5年,本科,8k-15k,厦门,思明区,开发/测试/运维类,后端开发,笨鸟社交,厦门笨鸟电子商务有限公司,150-500人,企业服务,"高新企业,牛人多,扁平化,五险一金",2018-04-02 18:32:59, 云计算 php Java, 高新企业 扁平管理 五险一金 股票期权
Python开发工程师,3-5年,本科,10k-20k,成都,武侯区,开发/测试/运维类,后端开发,顺网科技,杭州顺网科技股份有限公司,500-2000人,"游戏,文化娱乐","上市公司,大数据,大平台,福利健全",2018-04-02 09:34:43, 游戏 直播 中级 Java 后端, 技能培训 节日礼物 年度旅游 岗位晋升
Python开发工程师,3-5年,本科,18k-28k,上海,杨浦区,技术,后端开发,华云数据,无锡华云数据技术服务有限公司,500-2000人,"移动互联网,数据服务",绩效奖金 年终奖金 交通补贴 餐饮补贴,2018-04-03 09:13:04, 云计算 Java Ruby golang, 节日礼物 带薪年假 岗位晋升 扁平管理
python开发工程师(东莞),1-3年,大专,5k-8k,东莞,东莞市市辖区,开发/测试/运维类,后端开发,泽林信息,深圳市泽林信息咨询有限公司,500-2000人,教育,"五险一金,弹性工作,办公环境好,年底双薪",2018-04-03 09:07:22, 云计算 Java, 节日礼物 技能培训 绩效奖金 年度旅游
Python开发工程师,3-5年,本科,18k-35k,北京,朝阳区,开发/测试/运维类,后端开发,猎户星空,北京猎户星空科技有限公司,150-500人,"移动互联网,硬件",牛人云集，优质福利,2018-04-02 18:38:43, 智能硬件 php Java 后端, 年度旅游 弹性工作 领导好 五险一金
Python开发工程师,3-5年,本科,30k-50k,北京,朝阳区,开发/测试/运维类,后端开发,摩尔妈妈,北京摩尔妈咪网络科技有限公司,15-50人,移动互联网,"高薪,氛围轻松,成长空间大,背景好",2018-04-02 11:56:40, 教育 资深 高级 全栈 php, 年底双薪 股票期权 定期体检 带薪年假
python开发工程师,3-5年,本科,15k-30k,深圳,南山区,开发/测试/运维类,后端开发,Bello,深圳呗佬智能有限公司,15-50人,移动互联网,"硅谷技术,AI领域",2018-04-03 11:09:41, 云计算 大数据 Java,
Python开发工程师,1-3年,本科,20k-35k,北京,海淀区,技术,后端开发,合心科技,北京启明合心科技有限公司,15-50人,"移动互联网,教育","大数据处理,自由度大,有挑战,公司午晚餐",2018-04-02 10:39:20, 大数据 后端, 扁平管理 最优秀的伙伴 弹性工作 公司午晚餐
Python工程师,3-5年,本科,25k-50k,深圳,南山区,开发/测试/运维类,后端开发,前海企保,前海企保科技（深圳）有限公司,15-50人,"金融,企业服务","薪酬高,福利好,美女多",2018-04-03 17:40:07, Java 机器学习 自然语言处理, 弹性工作 帅哥多 美女多 领导好
python开发工程师,不限,本科,10k-20k,深圳,南山区,开发/测试/运维类,后端开发,深信服科技集团,深信服科技股份有限公司,2000人以上,"信息安全,企业服务","平台大,福利好,薪资高",2018-04-03 09:04:17, 信息安全 django, 三餐全包 大牛超多 年终奖超多 大公司，稳定
Python开发工程师,3-5年,本科,20k-40k,北京,海淀区,开发/测试/运维类,后端开发,智融集团,北京智融时代科技有限公司,150-500人,金融,"文化开放,弹性不打卡,发展快速,上升空间",2018-04-02 17:03:34, 安全 Java CRM, 股票期权 绩效奖金 五险一金 带薪年假
Python软件开发,1-3年,本科,10k-15k,杭州,江干区,技术,后端开发,健培,杭州健培科技有限公司,150-500人,"移动互联网,医疗健康",高薪、五险一金、氛围好,2018-04-02 15:00:53,, 技能培训 带薪年假 岗位晋升 年度旅游
Python工程师,3-5年,本科,15k-25k,北京,海淀区,开发/测试/运维类,后端开发,新东方教育行业研究院,北京点石经纬科技有限公司,150-500人,"移动互联网,教育","大牛多,平台好,待遇好,流程规范",2018-04-02 09:59:59, tornado flask, 五险一金 带薪年假 节日礼物 年度旅游
python开发工程师,1-3年,本科,8k-16k,北京,海淀区,开发/测试/运维类,后端开发,江山如画网络科技,北京江山如画网路科技有限责任公司,少于15人,"移动互联网,社交网络","提供住宿,一日三餐,晋升空间,紫牛基金投",2018-04-01 18:40:44, 云计算 web 服务器端 php MySQL, 专项奖金 股票期权 绩效奖金 岗位晋升
Python工程师,1-3年,本科,15k-25k,上海,黄浦区,开发/测试/运维类,后端开发,谷露软件,上海谷露软件有限公司,50-150人,"数据服务,招聘","工程师文化,大牛,高薪",2018-04-03 14:58:30, php Java, 团队融洽 股票期权 扁平管理 帅哥多
资深 Python 开发工程师,3-5年,本科,25k-45k,北京,海淀区,开发/测试/运维类,后端开发,知乎,北京智者天下科技有限公司,500-2000人,"移动互联网,社交网络","弹性工作,自助三餐,年终奖金",2018-04-03 11:05:24, 高级 中级 初级 服务器端, 年底双薪 股票期权 带薪年假 定期体检
python工程师,3-5年,本科,15k-30k,武汉,洪山区,开发/测试/运维类,后端开发,力太科技,浙江力太科技有限公司,150-500人,"移动互联网,其他","六险一金,带薪年假,股票期权,周末双休",2018-04-03 10:44:20, Java C/C++, 年底双薪 股票期权 专项奖金 带薪年假
python工程师,3-5年,本科,15k-20k,北京,朝阳区,开发/测试/运维类,后端开发,好巧,北京好巧国际旅行社有限公司,150-500人,数据服务,"带薪年假,五险一金,弹性工作,股票期权",2018-04-02 09:32:02,, 五险一金 弹性工作 扁平管理 百万医疗
Python开发工程师(193),不限,不限,15k-30k,上海,徐汇区,开发/测试/运维类,后端开发,助理来也,北京来也网络科技有限公司,50-150人,移动互联网,"pytho,技术驱动",2018-04-02 18:17:09, 后端开发, 绩效奖金 扁平管理 领导好 五险一金
Python工程师,1-3年,本科,15k-30k,北京,朝阳区,开发/测试/运维类,后端开发,摩尔妈妈,北京摩尔妈咪网络科技有限公司,15-50人,移动互联网,"氛围轻松,成长空间大,有成就感",2018-04-02 11:56:41, 教育 资深 高级 中级 php, 年底双薪 股票期权 定期体检 带薪年假
Python,3-5年,本科,20k-40k,北京,海淀区,技术,后端开发,春雨移动健康,北京春雨天下软件有限公司,150-500人,移动互联网,有挑战，自主加薪，技术氛围好,2018-04-02 10:25:37, Java redis 移动医疗 微服务 服务器研发, 绩效奖金 五险一金 带薪年假 定期体检
Python研发工程师,1-3年,本科,15k-23k,杭州,拱墅区,开发/测试/运维类,后端开发,酷家乐,杭州群核信息技术有限公司,500-2000人,移动互联网,期权激励、年度旅游、年终丰厚、零食水果,2018-03-29 10:42:20, 后端开发 Java 系统开发 golang, 两次加薪 弹性工作 期权丰厚 两次晋升
Python开发工程师,1-3年,本科,15K-25K,北京,朝阳区,开发/测试/运维类,后端开发,好雨云,北京好雨科技有限公司,15-50人,"企业服务,移动互联网",五险一金，弹性工作，提供零食，发展空间大,2018-04-03 16:34:45,, 绩效奖金 股票期权 扁平管理 高速成长
python开发工程师,3-5年,本科,8k-16k,北京,朝阳区,开发/测试/运维类,后端开发,云势软件,云势天下（北京）软件有限公司,50-150人,企业服务,"扁平化管理,带薪年假,年终奖励",2018-04-03 14:48:06, 医疗健康 Java, 年底双薪 专项奖金 绩效奖金 带薪年假
Python开发工程师,1-3年,本科,10k-18k,上海,静安区,开发/测试/运维类,后端开发,职晓,上海创远教育科技有限公司,50-150人,教育,"带薪年假,奖金,五险一金,不加班",2018-04-03 14:03:54,, 周末双休 不加班 年终奖 一年多次加薪
Python开发工程师,5-10年,本科,10k-15k,成都,武侯区,开发/测试/运维类,后端开发,成都之维安科技股份有限公司,成都之维安科技股份有限公司,150-500人,"移动互联网,电子商务","B2B,环保领域,氛围好",2018-04-03 09:45:36,, 年底双薪 股票期权 年终分红 绩效奖金
Python研发工程师,1-3年,本科,12k-24k,深圳,南山区,开发/测试/运维类,后端开发,深圳源伞科技,深圳市前海源伞科技有限公司,15-50人,"其他,信息安全","玩转开源,系统达人",2018-04-03 14:23:49, 云计算 C/C++ 自动化 linux C++, 绩效奖金 午餐补助 股票期权 工程师文化
Python开发工程师,不限,不限,15k-30k,北京,朝阳区,开发/测试/运维类,后端开发,罗辑思维,北京思维造物信息科技有限公司,150-500人,"移动互联网,文化娱乐","六险一金,大咖云集",2018-04-02 10:20:41,, 专项奖金 扁平管理 帅哥多 领导好
Python 工程师,1-3年,本科,15k-30k,北京,朝阳区,开发/测试/运维类,后端开发,况客科技,况客科技(北京)有限公司,15-50人,金融,"技术培养,能力提升,培养计划,福利好",2018-04-03 17:28:48, 后端开发 Node.js, 定期体检 午餐补助 带薪年假 绩效奖金
Python开发,3-5年,本科,20k-30k,深圳,南山区,开发/测试/运维类,后端开发,顺丰科技有限公司,顺丰科技有限公司,500-2000人,"移动互联网,电子商务","开发,能力论英雄",2018-04-02 18:01:20, 云计算 linux, 技能培训 节日礼物 带薪年假 岗位晋升
python开发工程师,1-3年,不限,6k-10k,杭州,江干区,开发/测试/运维类,后端开发,健培,杭州健培科技有限公司,150-500人,"移动互联网,医疗健康","双休,五险,工作8小时,法定节假日",2018-04-02 15:00:53, Java, 技能培训 带薪年假 岗位晋升 年度旅游
python工程师,1年以下,大专,6k-12k,大连,中山区,开发/测试/运维类,后端开发,推想科技,北京推想科技有限公司,50-150人,"医疗健康,数据服务","人工智能,快速成长,弹性工作,年终奖丰厚",2018-03-30 16:32:08, 医疗健康 数据库 运维 实施, 午餐补助 股票期权 定期体检 弹性工作
python工程师,不限,不限,10k-15k,贵阳,观山湖区（金阳新区）,开发/测试/运维类,后端开发,贵州电商云,贵州电子商务云运营有限责任公司,50-150人,"电子商务,数据服务","五险一金,餐补",2018-04-03 14:24:32, js Java, 交通补助 带薪年假 绩效奖金 通讯津贴
Python开发工程师,3-5年,本科,20k-40k,上海,杨浦区,开发/测试/运维类,软件开发,DAOCLOUD,上海道客网络科技有限公司,150-500人,"企业服务,数据服务","15天年假,5天病假,年终多薪,公司前景",2018-04-03 10:30:34, 云计算 软件开发 Java, 工程师文化 业界大牛 改变世界 豪华团队
Python开发工程师,1-3年,本科,20k-40k,北京,朝阳区,开发/测试/运维类,后端开发,摩尔妈妈,北京摩尔妈咪网络科技有限公司,15-50人,移动互联网,"高薪,氛围轻松,环境优越",2018-04-02 11:56:41, 教育 php Java, 年底双薪 股票期权 定期体检 带薪年假
Python开发工程师,1-3年,本科,15k-30k,上海,杨浦区,开发/测试/运维类,后端开发,哔哩哔哩,上海幻电信息科技有限公司,2000人以上,"移动互联网,文化娱乐","氛围好,发展快,领导好,空间大",2018-04-03 17:11:01, 云计算 中级, 带薪年假 绩效奖金 交通补助 午餐补助
Python开发工程师,1-3年,本科,8k-12k,西安,高新技术产业开发区,开发/测试/运维类,软件开发,远诚物流,西安远诚物流有限公司,2000人以上,移动互联网,"核心网项目,稳定",2018-04-03 15:14:07, 软件开发 php Java,
高级Python研发工程师,1-3年,本科,15k-25k,北京,东城区,开发/测试/运维类,后端开发,妙计旅行,北京汇行科技有限公司,150-500人,旅游,"免费三餐,福利待遇好,氛围活跃",2018-04-03 16:54:20, 爬虫 大数据 Java 算法, 股票期权 十四薪 零食饮料水果 团队氛围好
python开发工程师,1-3年,不限,6k-12k,济南,高新区,开发/测试/运维类,后端开发,济南四叶草,济南四叶草信息技术有限公司,少于15人,移动互联网,"带薪年假,弹性工作",2018-04-03 16:36:57, django postgre," """""
资深python开发工程师,3-5年,本科,25k-35k,上海,杨浦区,开发/测试/运维类,后端开发,1Token.Trade,上海墨沐金融信息服务有限公司,15-50人,"移动互联网,金融","时间自由,技术先进,区块链,一年多薪",2018-04-03 10:23:57, 金融 php Java 分布式, 不差钱 经纬中国 核心竞争力 弹性工作
Python开发工程师,3-5年,大专,10k-20k,杭州,西湖区,开发/测试/运维类,后端开发,天使镭,苏州天使镭网络科技有限公司,15-50人,其他,"高薪,自由,前景好,空间大",2018-04-03 10:02:47, Java MySQL 架构," """""
高级Python开发工程师,3-5年,本科,15k-22k,上海,黄浦区,开发/测试/运维类,后端开发,华尔街见闻,上海阿牛信息科技有限公司,150-500人,"金融,移动互联网",五险一金,2018-04-02 12:42:46, Java 爬虫, 技能培训 节日礼物 岗位晋升 年度旅游
Python 开发工程师,1-3年,本科,8k-15k,武汉,东湖新技术开发区,开发/测试/运维类,测试,深a科技,北京深a科技有限公司,50-150人,信息安全、数据服务,五险一金，带薪年假，补贴,2018-04-02 10:02:05, MySQL python/perl/ru, 技能培训 岗位晋升 管理规范 定期体检
python软件开发工程师,1年以下,大专,4k-6k,南京,江宁区,开发/测试/运维类,软件开发,南京枫溢软科,南京枫溢软件科技有限公司,少于15人,"企业服务,信息安全","高薪,环境好,成长快",2018-04-03 14:03:55, 云计算 初级 linux,
Python高级开发工程师,3-5年,本科,20k-30k,北京,海淀区,开发/测试/运维类,后端开发,微车,北京步鼎方舟科技有限公司,150-500人,"移动互联网,O2O",一日三餐、带薪年假、弹性工作、六险一金,2018-04-03 13:18:59,,
Python,1-3年,本科,15k-30k,北京,东城区,开发/测试/运维类,后端开发,省钱快报,北京九州云动科技有限公司,50-150人,"移动互联网,电子商务",海量数据、氛围轻松、项目奖金,2018-04-03 11:23:12, 高级 数据分析 Java, 技能培训 专项奖金 带薪年假 绩效奖金
Python研发工程师,1-3年,大专,7k-10k,上海,浦东新区,开发/测试/运维类,后端开发,豌豆科技,上海豌豆信息技术有限公司,少于15人,"O2O,教育","福利待遇好,发展快,平台好",2018-04-03 11:10:16, 信息安全 教育 php Java, 年底双薪 节日礼物 技能培训 岗位晋升
python 开发工程师,1-3年,本科,10k-20k,上海,杨浦区,开发/测试/运维类,后端开发,1Token.Trade,上海墨沐金融信息服务有限公司,15-50人,"移动互联网,金融","时间自由,技术先进,区块链",2018-04-03 10:23:57, 金融 php Java 分布式, 不差钱 经纬中国 核心竞争力 弹性工作
python工程师,3-5年,本科,12k-20k,上海,浦东新区,开发/测试/运维类,后端开发,上海中软华腾软件系统有限公司,上海中软华腾软件系统有限公司,2000人以上,"企业服务,金融","交通补贴,技术大牛多,大数据项目",2018-04-03 10:09:33, 大数据, 年底双薪 绩效奖金 带薪年假 定期体检
Python开发工程师,1-3年,本科,15k-25k,上海,徐汇区,开发/测试/运维类,后端开发,信用飞/首付游,上海晓途网络科技有限公司,50-150人,移动互联网,"年轻团队,扁平管理,弹性工作,简单透明",2018-04-03 10:05:10, 金融 数据库开发, 节日礼物 带薪年假 岗位晋升 年度旅游
Python高级开发工程师,3-5年,本科,15k-25k,南京,江宁区,技术,后端开发,ivtime,北京爱唯光石信息技术有限公司,15-50人,"移动互联网,企业服务",弹性工作无需打卡、氛围好福利好，学习机会,2018-04-03 09:54:33, 后端, 年底双薪 股票期权 专项奖金 人性化管理
Python开发工程师,3-5年,本科,25k-30k,北京,朝阳区,技术,后端开发,钱方好近,北京钱方银通科技有限公司,150-500人,金融,六险一金，带薪年假，年度体检，自由氛围。,2018-04-03 15:16:27,, 节日礼物 带薪年假 绩效奖金 年度旅游
Python开发工程师,1-3年,本科,15k-30k,深圳,南山区,开发/测试/运维类,后端开发,Shopee,深圳虾皮信息科技有限公司,2000人以上,电子商务,东南亚跨境电商平台、福利棒、美女多,2018-04-03 09:58:09, 后端开发 全栈 MySQL, 定期体检 通讯津贴 带薪年假 绩效奖金
Python 开发工程师,3-5年,本科,10k-20k,广州,天河区,开发/测试/运维类,后端开发,广州丰申网络科技有限公司,广州市丰申网络科技有限公司,50-150人,"移动互联网,电子商务","福利多多,周末双休,五险一金,管理规范",2018-04-02 19:48:05, 广告营销 资深 高级 Java 爬虫, 超长春节假期 杠杠滴13薪 健身房不要钱 地铁公交狠近
Python开发工程师,1-3年,本科,15k-30k,北京,海淀区,开发/测试/运维类,后端开发,助理来也,北京来也网络科技有限公司,50-150人,移动互联网,"人工智能,弹性工作,扁平管理,技术牛人",2018-04-02 18:17:09, 后端开发 服务器端, 绩效奖金 扁平管理 领导好 五险一金
python中级开发工程师,1-3年,大专,6k-10k,长沙,天心区,开发/测试/运维类,后端开发,楼盘网,湖南创业工场网络科技有限公司,150-500人,"移动互联网,电子商务","互联网行业,朝九晚五,2次加薪,五险",2018-04-03 16:27:24, 云计算 Java 爬虫,
Python,1-3年,不限,15k-30k,北京,朝阳区,开发/测试/运维类,后端开发,洋葱数学,光合新知（北京）科技有限公司,150-500人,"移动互联网,教育","年假15天,免费早午餐,技术氛围好,弹性不打卡",2018-04-03 14:59:55, 中级 全栈 php Java, 产品领先行业 关注学习本源 明星跨界团队 股票期权
Python开发工程师,1-3年,本科,8k-10k,深圳,南山区,开发/测试/运维类,后端开发,达观数据,达而观信息科技（上海）有限公司,50-150人,移动互联网,"六险一金,12天年假,专业培训,技术提升",2018-04-03 10:00:50, C/C++ linux Shell Java, 股票期权 扁平管理 大牛团队 弹性工作
python,5-10年,本科,20k-30k,北京,朝阳区,开发/测试/运维类,后端开发,思源科技,北京思源置地投资有限公司,2000人以上,"移动互联网,社交网络","云,大数据,AI",2018-04-02 19:24:42, 云计算 信息安全 高级 大数据 OpenStack, 股票期权 带薪年假 绩效奖金 岗位晋升
Python开发,3-5年,本科,12k-24k,上海,徐汇区,开发/测试/运维类,后端开发,问卷网@爱调研,上海众言网络科技有限公司,150-500人,移动互联网,"五险一金,季度旅游,生日会,带薪年假",2018-04-02 14:38:14, 后端开发 Java redis, 技能培训 节日礼物 年底双薪 绩效奖金
python开发工程师,3-5年,大专,8k-15k,广州,天河区,开发/测试/运维类,后端开发,广州楠天,广州楠天网络科技有限公司,15-50人,移动互联网,"五险一金,带薪年假,绩效奖金,团队氛围好",2018-04-02 11:56:28, 信息安全 php C++ Java,
Python 开发工程师,1-3年,本科,15k-20k,杭州,西湖区,开发/测试/运维类,后端开发,Club Factory,杭州嘉云数据科技有限公司,150-500人,"电子商务,移动互联网","高并发,高流量,技术成长快,世界级产品",2018-04-02 09:52:37,, 海量大数据 世界级产品 AI 智能供应链
Python开发工程师,1-3年,本科,15k-30k,上海,徐汇区,开发/测试/运维类,后端开发,助理来也,北京来也网络科技有限公司,50-150人,移动互联网,"发展空间,大牛交流,五险一金,福利补贴",2018-04-03 15:41:55, node.js redis, 绩效奖金 扁平管理 领导好 五险一金
Python工程师,3-5年,本科,15k-30k,北京,海淀区,开发/测试/运维类,后端开发,爱咔咔,北京爱咔咔信息技术有限公司,15-50人,"移动互联网,O2O","北大团队,五百强大牛,期权奖励,专业培训",2018-04-02 09:34:33, C++ Java c#, 年底双薪 技术控 股票期权 带薪年假
python工程师,3-5年,本科,12k-24k,上海,浦东新区,开发/测试/运维类,数据开发,拍拍贷,上海拍拍贷金融信息服务有限公司,2000人以上,金融,晋升空间大、福利好,2018-03-29 16:48:22, 高级, 绩效奖金 五险一金 带薪年假 午餐补助
Python开发工程师,3-5年,本科,15k-25k,北京,,开发/测试/运维类,后端开发,原子钟,北京原子钟信息科技有限公司,少于15人,移动互联网,"14薪,带薪年假,节日福利,机会多",2018-04-03 17:48:27,, 年底双薪 股票期权 老板nice 氛围好
Python高级开发工程师,1-3年,本科,15k-25k,北京,东城区,开发/测试/运维类,后端开发,妙计旅行,北京汇行科技有限公司,150-500人,旅游,"福利待遇好,气氛活跃,免费三餐",2018-04-03 16:46:21, 大数据 Java 算法 爬虫, 股票期权 十四薪 零食饮料水果 团队氛围好
Python开发,3-5年,本科,20k-30k,北京,朝阳区,开发/测试/运维类,后端开发,钱方好近,北京钱方银通科技有限公司,150-500人,金融,"试用期全薪,餐补,六险一金,年终奖",2018-04-03 15:16:27, node.js php Java web, 节日礼物 带薪年假 绩效奖金 年度旅游
高级Python开发工程师,3-5年,本科,25k-45k,北京,海淀区,开发/测试/运维类,后端开发,NewsJet,北京智分科技有限公司,50-150人,移动互联网,"Geek范,清华系,福利待遇好,股票期权",2018-04-03 13:40:31, 资深 后端开发 服务器端, 年底双薪 免费两餐 Geek范 免费健身
python开发工程师,3-5年,大专,10k-20k,深圳,福田区,开发/测试/运维类,后端开发,江苏亿科达,上海海万信息科技股份有限公司,500-2000人,"移动互联网,金融","双休,过节费,年度体检,旅游",2018-04-03 10:29:48, linux node.js Java,
高级Python开发工程师,3-5年,本科,25k-45k,北京,海淀区,开发/测试/运维类,后端开发,智融集团,北京智融时代科技有限公司,150-500人,金融,"优秀团队,科技金融,六险一金,工作居住证",2018-04-02 18:52:08, 金融 系统架构 后端研发, 股票期权 绩效奖金 五险一金 带薪年假
Python开发,1-3年,本科,15k-30k,北京,朝阳区,开发/测试/运维类,后端开发,罗辑思维,北京思维造物信息科技有限公司,150-500人,"移动互联网,文化娱乐","六险一金,年度体检,弹性工作,大咖云集",2018-04-02 10:20:40, php Java web, 专项奖金 扁平管理 帅哥多 领导好
Python开发工程师,5-10年,本科,15k-30k,上海,浦东新区,开发/测试/运维类,后端开发,趣头条,上海基分文化传播有限公司,500-2000人,移动互联网,发展空间,2018-04-03 15:26:12, 高级 中级 爬虫, 专项奖金 带薪年假 弹性工作 管理规范
Python工程师-金融事业部,1-3年,本科,10k-20k,北京,海淀区,开发/测试/运维类,后端开发,普林科技,北京至信普林科技有限公司,50-150人,数据服务,平台好，发展空间大,2018-04-03 09:23:17, 金融 大数据 Java, 技能培训 带薪年假 绩效奖金 岗位晋升
python开发工程师,3-5年,本科,15k-25k,北京,朝阳区,开发/测试/运维类,后端开发,途游,在线途游（北京）科技有限公司,150-500人,"移动互联网,游戏","施展空间大,季度奖,年终奖",2018-04-02 18:22:28, 云计算 高级 运维, 股票期权 专项奖金 五险一金 带薪年假
Python（极验验证）,3-5年,不限,9k-18k,武汉,东湖新技术开发区,技术,后端开发,极验,武汉极意网络科技有限公司,50-150人,"信息安全,数据服务",双休+弹性工作制+五险一金+餐补,2018-04-03 17:15:50, 信息安全 工具软件 php Java, 股票期权 绩效奖金 交通补助 带薪年假
系统开发工程师（Python）,5-10年,本科,20k-30k,北京,海淀区,开发/测试/运维类,后端开发,学堂在线,北京慕华信息科技有限公司,150-500人,"移动互联网,教育","五险一金,餐补,生日会,优秀团队",2018-04-03 14:03:05, 资深 高级, 节日礼物 股票期权 带薪年假 氛围轻松
python工程师,3-5年,本科,12k-24k,上海,浦东新区,开发/测试/运维类,数据开发,拍拍贷,上海拍拍贷金融信息服务有限公司,2000人以上,金融,晋升空间大、福利好,2018-03-29 16:48:22, 高级, 绩效奖金 五险一金 带薪年假 午餐补助
python开发工程师,1-3年,本科,8k-15k,上海,徐汇区,开发/测试/运维类,数据开发,上海抱元网络科技有限公司,上海抱元网络科技有限公司,50-150人,"移动互联网,数据服务","弹性工作,年终奖金,绩效奖金,团队氛围好",2018-04-02 20:32:03, 数据分析 数据挖掘 大数据 Java, 专项奖金 绩效奖金 弹性工作 扁平管理
Linux C++/Python开发工程师,3-5年,大专,15k-20k,北京,朝阳区,开发/测试/运维类,后端开发,好巧,北京好巧国际旅行社有限公司,150-500人,数据服务,"双休,高速发展,扁平管理,五险一金",2018-04-02 09:32:00, 后端开发, 五险一金 弹性工作 扁平管理 百万医疗
Python开发工程师,3-5年,本科,20k-30k,北京,朝阳区,开发/测试/运维类,后端开发,奇虎360金融,上海淇毓信息科技有限公司,500-2000人,"移动互联网,金融",核心业务，角色重要，成长空间大,2018-03-27 18:15:56, 高级 中级, 年底双薪 股票期权 带薪年假 定期体检
Python开发工程师,1-3年,大专,9k-14k,杭州,余杭区,开发/测试/运维类,后端开发,武汉佰钧成技术有限公司,武汉佰钧成技术有限责任公司,2000人以上,移动互联网,"纯纯技术团,魅力领导,带薪年假,周末双休",2018-04-03 11:45:24, linux web 爱专研, 带薪年假 计算机软件 管理规范 定期体检
高级Python研发工程师,3-5年,本科,15k-30k,上海,徐汇区,开发/测试/运维类,后端开发,贝米钱包,上海贝涛金融信息服务有限公司,50-150人,金融,"商业保险,年度旅游,带薪年病假,弹性工作",2018-04-03 10:03:16, 金融 后端开发 MySQL redis 架构, 节日礼物 年底双薪 专项奖金 带薪年假
Python开发工程师,不限,不限,5k-8k,大连,沙河口区,开发/测试/运维类,后端开发,允执科技,大连允执科技有限公司,15-50人,"移动互联网,信息安全","区块链,人工智能",2018-04-03 09:42:01, django, 区块链 人工智能 技术驱动型
python工程师,1-3年,大专,6k-10k,苏州,工业园区,开发/测试/运维类,数据开发,梦嘉信息,苏州梦嘉信息技术有限公司,150-500人,"移动互联网,电子商务","项目奖金,年终奖金,团建福利,生日惊喜",2018-04-02 17:03:44, 数据挖掘 大数据 flask django,
Python工程师,3-5年,本科,10k-20k,厦门,思明区,开发/测试/运维类,后端开发,10com,厦门视我科技有限公司,15-50人,"移动互联网,电子商务","弹性工作,扁平管理,家属福利,五险一金",2018-04-02 16:52:28, 云计算 资深 大数据 Java, 年底双薪 专项奖金 带薪年假 午餐补助
Python开发工程师,3-5年,本科,10k-20k,深圳,南山区,开发/测试/运维类,后端开发,万兴科技股份有限公司,万兴科技股份有限公司,150-500人,移动互联网,"在线高并发,技术难度大,运维要求高",2018-04-02 16:50:16, 系统架构 系统开发, 股票期权 骨干配车 创业平台 餐饮补助
python开发工程师,3-5年,本科,15k-30k,北京,海淀区,开发/测试/运维类,后端开发,会分期,会找房（北京）网络技术有限公司,150-500人,移动互联网、金融,"股票期权,弹性工作制,行业龙头,地铁周边",2018-04-02 09:51:24, 信息安全 高级 中级 php MySQL, 节日礼物 股票期权 带薪年假 年度旅游
Python工程师,3-5年,本科,15k-25k,北京,海淀区,开发/测试/运维类,后端开发,群星科技,北京群星闪耀科技有限公司,15-50人,移动互联网,"扁平管理,精英团队,弹性办公,出国游",2018-03-26 20:23:13, Java 爬虫, 午餐补助 弹性工作 扁平管理 五险一金
Python 高级开发工程师,3-5年,本科,20k-40k,北京,海淀区,开发/测试/运维类,后端开发,Face++,北京旷视科技有限公司,500-2000人,"移动互联网,硬件","人工智能,黑科技,大牛多",2018-03-22 15:07:39, Java php MySQL, 科技大牛公司 自助三餐 年终多薪 超长带薪假期
python研发工程师,5-10年,本科,30k-40k,北京,朝阳区,开发/测试/运维类,后端开发,国美金控,国美金控投资有限公司,2000人以上,金融,"大平台,新项目,领导卓越",2018-04-03 11:26:52, 云计算 Java C/C++ linux, 岗位晋升 扁平管理 五险一金 互联网金融
Python高级开发工程师,不限,本科,15k-30k,上海,长宁区,开发/测试/运维类,后端开发,爱奇艺,北京爱奇艺科技有限公司,2000人以上,"广告营销,文化娱乐",发展前景好,2018-03-08 18:01:45,, 绩效奖金 五险一金 交通补助 带薪年假
Python开发（环境好，氛围好）,1-3年,本科,8k-14k,上海,长宁区,开发/测试/运维类,后端开发,戎磐网络,上海戎磐网络科技有限公司,15-50人,信息安全、移动互联网,"环境好,氛围好",2018-04-03 17:50:25, 云计算 高级 php Java, 带薪年假 定期体检 节日礼物 五险一金
Python开发工程师,3-5年,本科,20k-30k,北京,海淀区,开发/测试/运维类,后端开发,学堂在线,北京慕华信息科技有限公司,150-500人,"移动互联网,教育","五险一金,餐补,生日会,优秀团队",2018-04-03 14:03:07, 资深 高级 linux Java, 节日礼物 股票期权 带薪年假 氛围轻松
技术工程部-python开发工程师,3-5年,本科,20k-40k,北京,海淀区,开发/测试/运维类,后端开发,搜狗,北京搜狗科技发展有限公司,2000人以上,"移动互联网,数据服务",技术先进、团队气氛佳,2018-04-02 09:44:15, 信息安全 硬件制造 Java 运维, 岗位晋升 扁平管理 管理规范 精英团队
Python研发工程师,3-5年,大专,25k-35k,北京,朝阳区,开发/测试/运维类,后端开发,好巧,北京好巧国际旅行社有限公司,150-500人,数据服务,"商业保险,弹性工作,零食水果,扁平管理",2018-04-02 09:32:00, 后端开发 Java golang, 五险一金 弹性工作 扁平管理 百万医疗
Python工程师,1-3年,本科,10k-20k,深圳,福田区,开发/测试/运维类,后端开发,江苏亿科达,上海海万信息科技股份有限公司,500-2000人,"移动互联网,金融","大平台,交通便利,环境优美,福利待遇好",2018-04-01 14:19:23, 金融 linux 数据分析 数据挖掘 Djadgo,
Python,1-3年,本科,5k-8k,深圳,南山区,技术,后端开发,花果山,深圳花果山科技有限公司,150-500人,电子商务,年轻富有活力的团队，稳步发展的创业公司。,2018-04-03 09:49:30, ERP, 年底双薪 团队建设 节日礼物 员工每月分红
Python开发工程师,不限,本科,13k-25k,上海,黄浦区,开发/测试/运维类,后端开发,谷露软件,上海谷露软件有限公司,50-150人,"数据服务,招聘","工程师文化,年轻,大牛,爽",2018-04-02 17:17:06, 后端开发 web 爬虫 服务器端 php Java, 团队融洽 股票期权 扁平管理 帅哥多
python开发工程师,1-3年,本科,9k-15k,西安,雁塔区,开发/测试/运维类,后端开发,绿盟科技,北京神州绿盟信息安全科技股份有限公司,500-2000人,信息安全,五险一金；弹性工作；餐补；定期体检,2018-03-28 15:50:14, 信息安全, 技能培训 节日礼物 股票期权 带薪年假
Python开发工程师,3-5年,本科,15k-30k,深圳,福田区,开发/测试/运维类,后端开发,万科物业,万科物业发展有限公司,2000人以上,"O2O,生活服务","平台好,空间大",2018-04-03 09:59:28, 资深 高级 中级 后端开发 redis, 社区o2o 原始股权 弹性工作制 互联网+
Python,1-3年,本科,8k-12k,成都,高新区,开发/测试/运维类,后端开发,捷云智慧,成都捷云智慧科技有限公司,15-50人,移动互联网,"绩效奖金,带薪年假",2018-04-03 09:51:09, 云计算 node.js django,
Python工程师,3-5年,本科,18k-30k,北京,东城区,技术,后端开发,家园网,金色家园网络科技有限公司,2000人以上,O2O,福利好，14薪,2018-04-02 11:04:41,, 节日礼物 带薪年假 绩效奖金 管理规范
python开发工程师,3-5年,本科,15k-20k,北京,海淀区,开发/测试/运维类,后端开发,嘉楠捷思,北京嘉楠捷思信息技术有限公司,150-500人,硬件,弹性,2018-04-02 08:50:48, 高级 中级 Java 架构, 带薪年假 定期体检 领导nice 八险一金
Python 开发工程师,3-5年,大专,8k-15k,成都,锦江区,开发/测试/运维类,后端开发,NEXA,昊盈信息技术（成都）有限公司,150-500人,"移动互联网,游戏","五险一金,带薪年假,年度体检,各种补贴",2018-04-02 08:36:41, 高级 中级 大数据 Java 云平台, 年底双薪 节日礼物 技能培训 绩效奖金
Python程序员,3-5年,本科,8k-15k,厦门,集美区,开发/测试/运维类,后端开发,金诚集团,浙江诚泽金开投资管理有限公司,2000人以上,金融,高级,2018-03-30 17:39:37, 大数据 Java, 技能培训 节日礼物 带薪年假 年度旅游
Python工程师,1-3年,不限,9k-18k,杭州,滨江区,开发/测试/运维类,后端开发,丁香园,观澜网络（杭州）有限公司,500-2000人,"医疗健康,企业服务",期权激励,2018-03-12 09:02:03, 后端开发, 扁平管理 弹性工作 期权
Python开发工程师,3-5年,本科,8k-16k,成都,高新区,开发/测试/运维类,后端开发,网信集团,网信集团有限公司,2000人以上,"移动互联网,金融","六险一金,弹性工作制,股票期权,饭补",2018-04-03 17:01:25, 高级 中级 算法 数据结构, 股票期权 午餐补助 定期体检 带薪年假
python工程师,1-3年,大专,8k-15k,上海,浦东新区,开发/测试/运维类,后端开发,江苏亿科达,上海海万信息科技股份有限公司,500-2000人,"移动互联网,金融","年终奖,过节费,旅游,体检",2018-04-03 14:30:49,,
Python研发工程师,3-5年,本科,15k-30k,上海,杨浦区,开发/测试/运维类,后端开发,DAOCLOUD,上海道客网络科技有限公司,150-500人,"企业服务,数据服务","15天年假,技术大牛,年终多薪,豪华团队",2018-04-03 10:30:36, 云计算 高级, 工程师文化 业界大牛 改变世界 豪华团队
Python工程师,1-3年,大专,10k-18k,杭州,余杭区,开发/测试/运维类,后端开发,武汉佰钧成技术有限公司,武汉佰钧成技术有限责任公司,2000人以上,移动互联网,"云平台,大平台,牛人,新技术",2018-04-03 09:46:25, 后端开发, 带薪年假 计算机软件 管理规范 定期体检
python工程师,1-3年,不限,10k-15k,上海,徐汇区,开发/测试/运维类,后端开发,壤歌,上海壤歌市场营销策划有限公司,50-150人,"移动互联网,企业服务","弹性上班,技术氛围,技术驱动,福利多多",2018-04-02 10:33:19, 中级 爬虫, 股票期权 绩效奖金 岗位晋升 扁平管理
Python开发工程师,1-3年,大专,8k-12k,深圳,南山区,开发/测试/运维类,后端开发,奥飞游戏深圳分公司,上海奥飞游戏有限公司,150-500人,游戏,"靠谱团队,项目给力,福利多多",2018-03-31 18:19:52, linux php 运维,
python开发工程师,3-5年,本科,8k-10k,西安,雁塔区,开发/测试/运维类,后端开发,绿盟科技,北京神州绿盟信息安全科技股份有限公司,500-2000人,信息安全,五险一金；弹性工作；餐补；定期体检,2018-03-28 15:50:14, 信息安全 Java, 技能培训 节日礼物 股票期权 带薪年假
Python工程师,1-3年,本科,7K-14K,长沙,芙蓉区,开发/测试/运维类,软件开发,康通,湖南康通电子股份有限公司,150-500人,移动互联网,"五险一金,亲属关爱金,免费中晚餐,福利齐全",2018-03-27 09:55:04, 软件开发 算法 机器学习, 技能培训 效益奖金 岗位晋升 通讯津贴
Python开发工程师,不限,本科,8k-16k,北京,海淀区,开发/测试/运维类,后端开发,数盟网络,北京数字联盟网络科技有限公司,50-150人,"移动互联网,企业服务","地铁沿线,扁平管理,五险一金,弹性工作",2018-03-23 17:19:41, linux MySQL, 股票期权 绩效奖金 岗位晋升 带薪假期
Python开发工程师,1-3年,本科,10k-15k,成都,高新区,开发/测试/运维类,后端开发,俊云科技,昆明俊云科技有限公司,50-150人,"移动互联网,硬件","高薪资,丰厚年终奖,期权,百万级产品",2018-03-22 10:05:25, 旅游 游戏 文化娱乐 php Java, 技能培训 股票期权 绩效奖金 岗位晋升
Python开发工程师,3-5年,本科,17k-18k,北京,海淀区,开发/测试/运维类,后端开发,联想集团,联想（北京）有限公司,2000人以上,"移动互联网,数据服务",平台好 福利待遇优厚,2018-04-03 13:47:39,, 技能培训 待遇优厚 晋升空间 五险一金
Python研发工程师,5-10年,本科,25k-50k,北京,大兴区,开发/测试/运维类,后端开发,京东金融,京东金融,2000人以上,金融,餐补+年终奖+良好的晋升空间,2018-04-03 08:52:41, 大数据 数据挖掘 算法 机器学习, 供应链金融 消费金融 众筹业务 支付业务
高级Python开发,3-5年,本科,12k-24k,上海,徐汇区,开发/测试/运维类,后端开发,问卷网@爱调研,上海众言网络科技有限公司,150-500人,移动互联网,"季度旅游,带薪年假,下午茶,股票期权",2018-04-02 14:38:14, 资深 web, 技能培训 节日礼物 年底双薪 绩效奖金
高级Python开发工程师,3-5年,本科,20k-40k,北京,海淀区,开发/测试/运维类,后端开发,Face++,北京旷视科技有限公司,500-2000人,"移动互联网,硬件","人工智能,黑科技,大牛多",2018-03-22 15:07:40, 专家 Java, 科技大牛公司 自助三餐 年终多薪 超长带薪假期
搜狐媒体-社交产品中心-Python工程师,1-3年,本科,20k-30k,北京,海淀区,开发/测试/运维类,后端开发,搜狐集团,北京搜狐新媒体信息技术有限公司,2000人以上,"移动互联网,广告营销",通行证业务,2018-04-03 10:39:19,, 节日礼物 项目奖金 弹性工作时间 15天年假
Python 研发工程师,1-3年,本科,8k-12k,成都,高新区,开发/测试/运维类,后端开发,实验楼,成都琛石科技有限公司,15-50人,"教育,数据服务","技术氛围,在线教育,最新技术",2018-04-02 18:04:16, 中级 初级 web node.js django, 绩效奖金 专项奖金 带薪年假 弹性工作
python工程师,3-5年,本科,15k-25k,上海,徐汇区,开发/测试/运维类,后端开发,上海青客,上海青客公共租赁住房租赁经营管理股份有限公司,500-2000人,"移动互联网,O2O",年终奖，加班补贴，工作环境,2018-04-02 17:54:28, 云计算 高级 大数据 数据分析 数据挖掘, 技能培训 年底双薪 专项奖金 股票期权
Python开发工程师,1-3年,本科,18k-25k,深圳,罗湖区,开发/测试/运维类,后端开发,众禄基金,深圳众禄基金销售股份有限公司,150-500人,"移动互联网,金融","新三板挂牌,团队氛围,金融中心",2018-04-03 13:44:16, 金融 信息安全 中级 php web, 股票期权 绩效奖金 带薪年假 通讯津贴
Python研发工程师（中高级）,3-5年,本科,15k-25k,北京,朝阳区,技术,后端开发,掌阅,掌阅科技股份有限公司,500-2000人,移动互联网,"管理扁平化,发展机会佳,薪资待遇好",2018-04-03 10:11:58, 云计算, 专项奖金 带薪年假 年度旅游 扁平管理
django+saltstack+python/讲,3-5年,不限,15k-25k,北京,海淀区,开发/测试/运维类,测试,慕课网,北京奥鹏远程教育中心有限公司,50-150人,"移动互联网,教育","时间自由,收益分成,持续分成",2018-04-03 09:50:39, 资深 自动化, 节日礼物 技能培训 节日礼品卡 月度团建
python开发工程师,1-3年,本科,15k-30k,北京,海淀区,开发/测试/运维类,后端开发,创新工场AI工程院,创新工场（北京）企业管理股份有限公司,50-150人,移动互联网,"谷歌大牛,商业资源,成长空间大,人工智能",2018-04-02 14:00:01, 中级 后端开发 C/C++ Postgres, 绩效奖金 带薪年假 通讯津贴 年终分红
Python工程师,不限,本科,10k-20k,深圳,南山区,开发/测试/运维类,后端开发,一面数据,深圳市一面网络技术有限公司,15-50人,"移动互联网,数据服务","大数据领域,人工智能,清华系大牛,技术氛围浓",2018-04-03 17:35:13, 大数据 AI, 技能培训 海归精英团队 Geek分享 绩效奖金
高级Python开发工程师,3-5年,本科,16k-22k,深圳,南山区,开发/测试/运维类,后端开发,明源云,深圳市明源云客电子商务有限公司,2000人以上,"移动互联网,企业服务",技术导向，牛人多，氛围赞，扁平管理,2018-04-03 14:18:50, PHP 大数据 Java hadoop, 高额六险一金 年底双薪 绩效奖金 N项经费
高级python开发工程师,3-5年,本科,15k-30k,北京,海淀区,开发/测试/运维类,后端开发,CIG,北京新意互动广告有限公司,500-2000人,广告营销,学习和创新型团队，扁平化管理，氛围open,2018-04-03 12:28:52, 云计算 汽车 后端开发 全栈, 年终分红 绩效奖金 五险一金 交通补助
Python开发,1-3年,本科,9k-16k,深圳,福田区,开发/测试/运维类,后端开发,金证股份,深圳市金证科技股份有限公司,2000人以上,金融,"上市公司,大型项目,年度调薪,薪资福利好",2018-04-03 09:07:21, php Java 统计 财经 自然语言处理, 激情的团队 股票期权 努力变大牛 有舞台给您跳
Python,3-5年,大专,15k-25k,深圳,南山区,开发/测试/运维类,后端开发,515游戏,深圳市五一五游戏网络有限公司,15-50人,游戏,"国内外旅游,五险一金,任性下午茶,年终奖金",2018-04-03 14:58:46, 游戏 专家 总监 资深 手游, 节日礼物 年底双薪 专项奖金 带薪年假
Python开发工程师,3-5年,本科,15k-25k,北京,海淀区,技术,后端开发,学堂在线,北京慕华信息科技有限公司,150-500人,"移动互联网,教育",股票期权，五险一金，交补餐补，零食水果,2018-04-03 14:24:54, 教育 tornado flask django, 节日礼物 股票期权 带薪年假 氛围轻松
Python开发工程师-base北京,3-5年,不限,12k-18k,北京,东城区,开发/测试/运维类,后端开发,游族网络,上海游族信息技术有限公司,500-2000人,"移动互联网,游戏",福利好、待遇好、上市公司,2018-04-03 14:19:50,, 五险一金 岗位晋升 弹性工作 扁平管理
python,3-5年,本科,20k-30k,北京,朝阳区,开发/测试/运维类,后端开发,The ONE,小叶子（北京）科技有限公司,150-500人,"硬件,教育","免费午晚餐,五险一金,交补,年终奖",2018-04-03 10:59:15, 高级 PHP 后端, 优秀团队 篮球羽毛球队 13薪 技术大牛多
Python资深开发工程师,3-5年,本科,12k-24k,上海,浦东新区,开发/测试/运维类,后端开发,君学中国,上海真己化人教育科技有限公司,150-500人,文化娱乐,"扁平化管理,办公环境好",2018-03-29 14:50:19, 教育 电商 媒体 php Java, 技能培训 带薪年假 岗位晋升 帅哥多
Python开发工程师,3-5年,大专,18k-25k,深圳,罗湖区,开发/测试/运维类,后端开发,众禄基金,深圳众禄基金销售股份有限公司,150-500人,"移动互联网,金融","团队氛围,高速发展,互联网金融,五险一金",2018-04-03 13:44:18, 金融 信息安全 php Java web, 股票期权 绩效奖金 带薪年假 通讯津贴
高级Python研发工程师,3-5年,本科,25k-35k,北京,朝阳区,开发/测试/运维类,后端开发,掌阅,掌阅科技股份有限公司,500-2000人,移动互联网,"扁平化管理,福利待遇佳,学习氛围好,晋升空间大",2018-04-03 10:11:57, 云计算 Java 架构, 专项奖金 带薪年假 年度旅游 扁平管理
软件开发工程师（python）,1-3年,本科,10k-20k,北京,海淀区,开发/测试/运维类,软件开发,智海创讯,北京智海创讯信息技术有限公司,15-50人,数据服务,"电商,海量数据,创业创新",2018-04-03 11:37:38, 电商 中级 数据分析 数据挖掘, 技能培训 节日礼物 舆情监测 绩效奖金
Python 开发工程师,3-5年,本科,15k-17k,北京,西城区,开发/测试/运维类,软件开发,金证股份,深圳市金证科技股份有限公司,2000人以上,金融,"金融央企,五险一金",2018-04-02 17:18:39, 云计算 软件开发 大数据 Java, 激情的团队 股票期权 努力变大牛 有舞台给您跳
Python工程师-机器学习方向,1-3年,本科,20k-35k,北京,朝阳区,开发/测试/运维类,数据开发,曜辉科技,北京曜辉信息科技有限公司,15-50人,"移动互联网,企业服务","高成长,机会大,全额险金,有零食",2018-04-02 16:20:28, 中级 大数据 数据挖掘 算法, 弹性工作 领导好 扁平管理 快速成长
Python工程师,1-3年,不限,10k-20k,上海,徐汇区,开发/测试/运维类,后端开发,换手率,上海利莫网络科技有限公司,15-50人,金融,"免费体检,年终奖,带薪年假,高度自由",2018-03-28 13:10:03, 云计算 node.js php, 专项奖金 股票期权 带薪年假 年度旅游
Python工程师,3-5年,本科,20k-35k,北京,朝阳区,开发/测试/运维类,软件开发,企鹅创新,企鹅创新（北京）科技有限公司,15-50人,"硬件,移动互联网","五险一金,带薪年假,午餐报销",2018-04-02 16:06:39, 软件开发 node.js Java,
Python资深开发,3-5年,本科,12k-24k,上海,徐汇区,开发/测试/运维类,后端开发,问卷网@爱调研,上海众言网络科技有限公司,150-500人,移动互联网,"带薪年假,股票期权,下午茶,季度旅游",2018-04-02 14:38:14, 后端开发 web, 技能培训 节日礼物 年底双薪 绩效奖金
高级Python工程师,3-5年,本科,8k-16k,武汉,洪山区,开发/测试/运维类,软件开发,ZingFront智线,智线云科技（北京）有限公司,50-150人,"移动互联网,数据服务","带薪年假,福利多,办公环境好,氛围自由",2018-04-02 12:51:15, 软件开发 大数据, 绩效奖金 股票期权 带薪年假 弹性工作
python工程师,1-3年,本科,20k-40k,深圳,南山区,开发/测试/运维类,后端开发,笨鸟社交,厦门笨鸟电子商务有限公司,150-500人,企业服务,海量数据,2018-04-02 11:10:23, 爬虫 后端 初级 中级 搜索, 高新企业 扁平管理 五险一金 股票期权
Python开发工程师,3-5年,本科,13k-20k,上海,浦东新区,开发/测试/运维类,后端开发,平安普惠,平安普惠企业管理有限公司,2000人以上,"金融,移动互联网","成长空间,活力团队",2018-04-02 10:50:00,, 带薪年假 专项奖金 年终分红 定期体检
高级python研发工程师,5-10年,本科,15k-20k,成都,高新区,开发/测试/运维类,后端开发,路行通,成都路行通信息技术有限公司,500-2000人,"移动互联网,生活服务","高绩效奖励,多维度发展,完善福利,人性化管理",2018-04-02 09:45:37, 项目管理 架构设计 web后端, 年度旅游 岗位晋升 管理规范 定期体检
Python/web开发工程师,3-5年,本科,10k-20k,北京,,开发/测试/运维类,后端开发,闪送,北京闪送科技有限公司,150-500人,移动互联网,"发展空间,福利优厚,带薪年假,弹性工作时",2018-04-03 17:48:58,, 股票期权 岗位晋升 五险一金 高速成长
Python开发工程师,3-5年,大专,18K-35K,北京,海淀区,开发/测试/运维类,后端开发,医渡云（北京）技术有限公司,医渡云（北京）技术有限公司,150-500人,"O2O,医疗健康","十四薪,带薪年假,免费三餐,租房补助",2018-04-02 19:09:10, php MySQL redis, 节日礼物 年底双薪 股票期权 带薪年假
python工程师,3-5年,本科,15k-25k,北京,东城区,技术,后端开发,家园网,金色家园网络科技有限公司,2000人以上,O2O,绩效奖金 股票期权 14薪,2018-04-02 11:04:40,, 节日礼物 带薪年假 绩效奖金 管理规范
Python高级开发工程师,5-10年,大专,10k-15k,武汉,东湖新技术开发区,开发/测试/运维类,后端开发,北蚁,武汉北蚁网络科技有限公司,50-150人,"电子商务,移动互联网","五险一金,休闲餐点,员工聚餐",2018-03-29 18:01:32, 云计算 资深 Java golang, 年底双薪 绩效奖金 休闲餐点 五险一金
Python高级开发工程师,3-5年,本科,18k-30k,上海,长宁区,开发/测试/运维类,后端开发,爱奇艺,北京爱奇艺科技有限公司,2000人以上,"广告营销,文化娱乐",发展前景好,2018-03-08 17:59:50, flask golang django, 绩效奖金 五险一金 交通补助 带薪年假
Python开发工程师（中高级）,3-5年,本科,12k-20k,成都,高新区,开发/测试/运维类,后端开发,路行通,成都路行通信息技术有限公司,500-2000人,"移动互联网,生活服务","高绩效奖励,多维度发展,完善福利,人性化管理",2018-04-02 09:45:34, 后端开发 php Java MySQL 后端, 年度旅游 岗位晋升 管理规范 定期体检
Python开发工程师,1-3年,大专,11K-22K,杭州,西湖区,开发/测试/运维类,后端开发,武汉佰钧成技术有限公司,武汉佰钧成技术有限责任公司,2000人以上,移动互联网,"平台好,技术新,大牛多",2018-04-02 09:17:18, 云计算 高级 linux MySQL, 带薪年假 计算机软件 管理规范 定期体检
python工程师,1年以下,大专,6k-12k,上海,黄浦区,开发/测试/运维类,后端开发,推想科技,北京推想科技有限公司,50-150人,"医疗健康,数据服务","人工智能,快速成长,弹性工时,年终奖丰厚",2018-03-30 16:32:07, 医疗健康 php 数据分析 Java 数据库, 午餐补助 股票期权 定期体检 弹性工作
Python开发工程师兼高级铲屎官,1-3年,本科,8k-15k,上海,浦东新区,开发/测试/运维类,后端开发,君学中国,上海真己化人教育科技有限公司,150-500人,文化娱乐,"办公环境好,扁平化管理",2018-03-29 14:50:19, 教育 电商 媒体 php Java, 技能培训 带薪年假 岗位晋升 帅哥多
Python开发工程师,3-5年,本科,20k-40k,上海,浦东新区,开发/测试/运维类,后端开发,上海华瑞银行,上海华瑞银行股份有限公司,150-500人,金融,"六险两金,年度体检,绩效奖金,渠道晋升",2018-03-20 18:27:27, 银行 node.js Java, 绩效奖金 扁平管理 领导好 美女多
python软件工程师助理/python程序员+双,不限,大专,4k-6k,苏州,姑苏区,开发/测试/运维类,后端开发,燃网络,南京网燃网络科技有限公司,少于15人,"移动互联网,游戏","五险一金,年底双薪,节日福利,朝九晚六",2018-04-03 14:59:34, 实习 后端开发 Java PHP Android,
高级python研发工程师,5-10年,本科,20k-40k,北京,海淀区,开发/测试/运维类,后端开发,云途腾,北京云途腾科技有限责任公司,50-150人,数据服务,福利好 领导傻富甜 捎带手儿解决个人问题,2018-04-03 12:09:15, 股票 保险 云计算 解决方案 OpenStack 架构, 节日礼物 技能培训 绩效奖金 年度旅游
Python 开发工程师,1-3年,大专,10k-15k,上海,浦东新区,开发/测试/运维类,后端开发,两鲜,两鲜商贸（上海）有限公司,150-500人,电子商务,"氛围轻松,大牛带教",2018-04-03 11:23:28, 电商 后端开发 php Java, 技能培训 节日礼物 带薪年假 岗位晋升
Python开发工程师,1-3年,本科,7k-12k,南京,鼓楼区,开发/测试/运维类,后端开发,五星电器,江苏五星电器有限公司,2000人以上,"电子商务,生活服务",五险一金 工作氛围好 SAP上线中 双休,2018-04-03 09:41:23, 运维 系统工程师, 节日礼物 带薪年假 绩效奖金 年度旅游
Python 开发工程师,3-5年,本科,14k-28k,上海,徐汇区,开发/测试/运维类,后端开发,BTCC,上海掘东信息技术有限公司,50-150人,移动互联网,"比特币,数字资产,区块链,国际团队",2018-04-03 09:08:01, 高级 后端开发 架构师 全栈 OpenStack, 股票期权 带薪年假 定期体检 节日礼物
python工程师,3-5年,本科,10k-20k,成都,高新区,开发/测试/运维类,后端开发,网信集团,网信集团有限公司,2000人以上,"移动互联网,金融","六险一金,年终奖,项目奖金,下午茶",2018-04-02 18:12:32, Java, 股票期权 午餐补助 定期体检 带薪年假
Python开发工程师,1-3年,本科,10k-20k,深圳,南山区,开发/测试/运维类,后端开发,青石证券,青石经济信息咨询（深圳）有限公司,50-150人,"移动互联网,金融","潜力券商,市场蓝海,技术大牛,氛围年轻",2018-04-02 11:15:30, 金融 中级 后端开发 数据分析 Java, 风口项目 互联网金融 海外综合券商 市场蓝海
中级PYTHON开发工程师,5-10年,大专,22k-25k,深圳,福田区,开发/测试/运维类,后端开发,博奥特科技,深圳市博奥特科技有限公司,150-500人,"移动互联网,金融","提升空间大,行业前景广,金融行业",2018-04-02 08:52:08, 云计算 js mvc django, 绩效奖金 领导好 帅哥多 美女多
Python,3-5年,本科,8K-16K,西安,高新技术产业开发区,开发/测试/运维类,软件开发,武汉佰钧成技术有限公司,武汉佰钧成技术有限责任公司,2000人以上,移动互联网,人工智能，福利好，弹性上班,2018-03-29 17:13:17, 软件开发 图像处理 OpenCV AI 数据处理域, 带薪年假 计算机软件 管理规范 定期体检
Python开发工程师,1-3年,大专,5k-10k,郑州,金水区,开发/测试/运维类,后端开发,郑州创恒实业有限公司,郑州创恒实业有限公司,150-500人,移动互联网,"周末双休,年底双薪,全勤奖,外出旅游",2018-03-30 15:54:45, node.js php MySQL 后端, 年底双薪 节日礼物 技能培训 绩效奖金
python高级后端工程师,5-10年,本科,25k-50k,北京,海淀区,开发/测试/运维类,后端开发,Face++,北京旷视科技有限公司,500-2000人,"移动互联网,硬件",核心团队,2018-04-03 10:45:33, tornado redis django, 科技大牛公司 自助三餐 年终多薪 超长带薪假期
Python开发工程师,1-3年,本科,20k-35k,北京,海淀区,开发/测试/运维类,后端开发,今日头条,北京字节跳动科技有限公司,2000人以上,"移动互联网,数据服务",六险一金，弹性工作，免费三餐，租房补贴，带薪休假，休闲下午茶，扁平管理，健身瑜伽，过亿用户，职业大牛，晋升空间，团队氛围好，优厚薪资,2018-04-02 16:14:33, 后端开发, 扁平管理 弹性工作 大厨定制三餐 就近租房补贴
PHP/Python开发工程师,1-3年,本科,10k-15k,北京,海淀区,开发/测试/运维类,后端开发,多牛传媒,北京多牛互动传媒股份有限公司,150-500人,文化娱乐,"五险一金,周末双休",2018-04-02 16:02:01, 广告营销 MySQL 后端, 五险一金 节日礼物 弹性工作 岗位晋升
Python中级工程师,3-5年,本科,15k-24k,北京,朝阳区,开发/测试/运维类,后端开发,ZingFront智线,智线云科技（北京）有限公司,50-150人,"移动互联网,数据服务","五险一金,补充医疗险,带薪年假,弹性工作",2018-04-02 12:51:12, Java 分布式 软件工程师 架构, 绩效奖金 股票期权 带薪年假 弹性工作
Python高级开发工程师,5-10年,大专,10k-15k,武汉,东湖新技术开发区,开发/测试/运维类,后端开发,北蚁,武汉北蚁网络科技有限公司,50-150人,"电子商务,移动互联网","五险一金,绩效奖金,休闲餐点",2018-03-29 18:01:33, 云计算 爬虫 php Java, 年底双薪 绩效奖金 休闲餐点 五险一金
python软件工程师助理/python程序员双休,1年以下,大专,4k-6k,无锡,崇安区,开发/测试/运维类,后端开发,燃网络,南京网燃网络科技有限公司,少于15人,"移动互联网,游戏","年终奖,五险一金,双休不加班,节日福利",2018-04-03 14:59:33, 初级 实习 php Java c#,
Python 开发工程师,不限,本科,20k以上,上海,徐汇区,开发/测试/运维类,后端开发,竹间智能科技(上海)有限公司,竹间智能科技（上海）有限公司,150-500人,"移动互联网,其他",发展空间大 期权激励 弹性工作,2018-04-03 11:12:22,, 年底双薪 股票期权 带薪年假 绩效奖金
Python工程师,1-3年,本科,10k-20k,北京,朝阳区,开发/测试/运维类,后端开发,云脑科技,杭州云脑科技有限公司,15-50人,"企业服务,数据服务","五险一金,免费午餐,饮料零食,团建、旅游",2018-04-03 10:18:25, 算法 机器学习, 年底双薪 股票期权 扁平管理 人工智能
Python,1-3年,本科,13k-16k,北京,朝阳区,开发/测试/运维类,后端开发,零用钱,北京零用钱科技有限公司,50-150人,"移动互联网,广告营销","一日四餐,六险一金,季度奖金,年度奖金",2018-04-03 09:49:06, 社交 服务器端 php Java MySQL, 年终分红 股票期权 五险一金 带薪年假
Python开发经理,5-10年,本科,20k-35k,北京,朝阳区,开发/测试/运维类,后端开发,蓝信移动（北京）科技有限公司,蓝信移动（北京）科技有限公司,150-500人,移动互联网,"360旗下,靠谱大平台,薪资福利好,技术大牛多",2018-04-03 09:46:34, 金融 信息安全 资深 高级 Java, 技能培训 食堂三餐美食 细分领域第一 实干型团队！
python高级开发工程师,3-5年,本科,15k-26k,上海,静安区,开发/测试/运维类,后端开发,Zenlayer,上海层峰网络科技有限公司,50-150人,"数据服务,移动互联网","五险一金,晋升空间,团队优势,年度旅游",2018-04-03 09:04:25, web 微服务 SPA 集成项目, 五险一金 岗位晋升 年度旅游 定期体检
Python研发工程师,5-10年,本科,25k-40k,北京,朝阳区,开发/测试/运维类,软件开发,宜信,普信恒业科技发展（北京）有限公司,2000人以上,金融,"发展空间大,技术氛围好,薪资福利好,带薪年假",2018-04-02 14:38:05, 高级 php MySQL, 管理规范 技能培训 扁平管理 弹性工作
python,3-5年,本科,20K-40K,上海,黄浦区,开发/测试/运维类,后端开发,车置宝,江苏车置宝信息科技股份有限公司,500-2000人,"电子商务,移动互联网",期权股票,2018-04-01 21:52:09, 后端开发,
Python研发工程师,5-10年,本科,25k-50k,北京,海淀区,开发/测试/运维类,后端开发,医渡云（北京）技术有限公司,医渡云（北京）技术有限公司,150-500人,"O2O,医疗健康","固定14薪,七险一金,免费三餐,租房补贴",2018-03-31 17:19:12, 资深 高级 中级 后端开发 web, 节日礼物 年底双薪 股票期权 带薪年假
高级python开发工程师-SH415-41509,3-5年,本科,20k-40k,上海,黄浦区,开发/测试/运维类,后端开发,点融,上海点融信息科技有限责任公司,150-500人,金融,"前景好,福利好",2018-04-03 14:56:54, Java web, 节日礼物 带薪年假 岗位晋升 扁平管理
python开发工程师,3-5年,本科,15k-30k,北京,朝阳区,技术,后端开发,融数金服,融数金服（大连）信息服务有限公司北京分工司,150-500人,"金融,数据服务",弹性工作制，助你完美躲过高峰期,2018-04-03 14:16:22, Java golang, 节日礼物 年底双薪 股票期权 带薪年假
高级Python开发工程师,3-5年,本科,25k-50k,上海,黄浦区,开发/测试/运维类,后端开发,musical.ly,蜜柚网络科技（上海）有限公司,150-500人,"社交网络,文化娱乐","大牛带你飞,零食不断,过亿用户",2018-04-03 10:28:45, 社交 后端开发 分布式 redis 架构, 技能培训 节日礼物 股票期权 带薪年假
Python开发师,3-5年,本科,12k-24k,上海,徐汇区,开发/测试/运维类,后端开发,问卷网@爱调研,上海众言网络科技有限公司,150-500人,移动互联网,"五险一金,季度旅游,节日福利,带薪年假",2018-04-02 14:38:16, Java redis 架构, 技能培训 节日礼物 年底双薪 绩效奖金
Python,3-5年,大专,15k-30k,武汉,东湖新技术开发区,开发/测试/运维类,软件开发,武汉佰钧成技术有限公司,武汉佰钧成技术有限责任公司,2000人以上,移动互联网,"牛人团队,薪资高,福利好",2018-04-03 16:16:56, 云计算 软件开发 linux OpenStack, 带薪年假 计算机软件 管理规范 定期体检
Python开发工程师,3-5年,本科,15k-30k,杭州,余杭区,开发/测试/运维类,后端开发,圆通,圆通速递有限公司,2000人以上,"企业服务,数据服务","上市公司,前景好,氛围好,调薪机会多",2018-04-03 12:14:02, 云计算 后端开发 web php Java, 技能培训 免费班车 专项奖金 岗位晋升
python工程师,3-5年,本科,15k-25k,上海,杨浦区,开发/测试/运维类,后端开发,爱回收,上海悦易网络信息技术有限公司,500-2000人,"电子商务,O2O","团队大牛,期权激励,D轮公司,行业独角兽",2018-04-02 20:39:44, 资深 分布式 爬虫, 节日礼物 股票期权 专项奖金 带薪年假
python工程师,1年以下,大专,6k-12k,武汉,~口区,开发/测试/运维类,后端开发,推想科技,北京推想科技有限公司,50-150人,"医疗健康,数据服务","人工智能,快速成长,弹性工时,年终奖丰厚",2018-03-30 16:32:07, 医疗健康 数据库 运维 实施, 午餐补助 股票期权 定期体检 弹性工作
Python高级开发工程师,1-3年,本科,8k-15k,上海,浦东新区,开发/测试/运维类,后端开发,君学中国,上海真己化人教育科技有限公司,150-500人,文化娱乐,"办公环境好,扁平化管理",2018-03-29 14:50:20, 教育 电商 媒体 php Java, 技能培训 带薪年假 岗位晋升 帅哥多
Python开发工程师,1年以下,大专,4k-6k,广州,天河区,开发/测试/运维类,后端开发,广州玖维信息科技有限公司,广州玖维信息科技有限公司,150-500人,"移动互联网,数据服务","双休,提成,五险一金,带薪休假",2018-04-03 14:25:32, 初级 实习 linux Java, 年底双薪 专项奖金 年终分红 带薪年假
高级python开发工程师,3-5年,本科,15k-20k,深圳,福田区,开发/测试/运维类,后端开发,Gridsum 国双,北京国双科技有限公司,500-2000人,"数据服务,企业服务",大数据上市公司 福利待遇好 发展空间大,2018-04-03 13:49:56, 全栈 GO linux 运维, 年度旅游 节日礼物 年底双薪 带薪年假
高级Python开发工程师,3-5年,本科,20k-40k,北京,朝阳区,开发/测试/运维类,后端开发,果壳网,北京果壳互动科技传媒有限公司,150-500人,"移动互联网,社交网络","八险一金,免费三餐,不加班,弹性工作",2018-04-03 13:03:07, 大数据, 技能培训 年度旅游 岗位晋升 家庭式三餐
中级python工程师,3-5年,本科,15k-25k,北京,东城区,技术,后端开发,家园网,金色家园网络科技有限公司,2000人以上,O2O,绩效奖金 股票期权 14薪,2018-04-02 11:04:41,, 节日礼物 带薪年假 绩效奖金 管理规范
Python开发工程师,1-3年,本科,10k-16k,深圳,南山区,开发/测试/运维类,后端开发,杉岩数据,深圳市杉岩数据技术有限公司,15-50人,"企业服务,数据服务","扁平化管理,发展空间大,产品有竞争,氛围融洽",2018-04-02 09:30:42, 云计算 Java, 股票期权 扁平管理 领导好 五险一金
高级Python开发工程师,3-5年,本科,18k-25k,上海,杨浦区,开发/测试/运维类,后端开发,华云数据,无锡华云数据技术服务有限公司,500-2000人,"移动互联网,数据服务",云计算 高绩效,2018-03-29 10:23:49, 云计算 linux, 节日礼物 带薪年假 岗位晋升 扁平管理
Python开发工程师,1-3年,本科,12k-20k,北京,朝阳区,开发/测试/运维类,后端开发,超对称,超对称（北京）科技有限公司,15-50人,"移动互联网,企业服务","五险一金,每周运动,无限量零食,好老板",2018-03-27 16:13:14, 后端 算法 数据结构, 股票期权 带薪年假 弹性工作 五险一金
Python高级开发工程师,3-5年,本科,16k-22k,深圳,南山区,开发/测试/运维类,后端开发,明源云,深圳市明源云客电子商务有限公司,2000人以上,"移动互联网,企业服务",技术导向，牛人多，氛围赞，扁平管理,2018-04-03 14:18:52, 大数据 Java hadoop, 高额六险一金 年底双薪 绩效奖金 N项经费
Python中级工程师,1-3年,本科,8k-10k,廊坊,广阳区,开发/测试/运维类,后端开发,ZingFront智线,智线云科技（北京）有限公司,50-150人,"移动互联网,数据服务","五险一金,带薪年假,技术成长,晋升空间大",2018-04-02 12:51:14, php 分布式 架构, 绩效奖金 股票期权 带薪年假 弹性工作
Python开发工程师,3-5年,本科,15k-30k,北京,海淀区,开发/测试/运维类,软件开发,知乎,北京智者天下科技有限公司,500-2000人,"移动互联网,社交网络",薪资优厚、氛围宽松、每日三餐、六险一金,2018-04-02 11:43:13, 高级 Java 架构, 年底双薪 股票期权 带薪年假 定期体检
Python工程师,1-3年,本科,10k-20k,北京,海淀区,开发/测试/运维类,后端开发,新东方教育行业研究院,北京点石经纬科技有限公司,150-500人,"移动互联网,教育","待遇好,大牛多,平台好",2018-04-02 09:59:59, 中级 初级 Java 架构, 五险一金 带薪年假 节日礼物 年度旅游
搜狗AI-Python开发工程师,3-5年,本科,15k-30k,北京,海淀区,开发/测试/运维类,后端开发,搜狗,北京搜狗科技发展有限公司,2000人以上,"移动互联网,数据服务","AI平台,锻炼价值大",2018-04-02 09:44:14, C++ Java 算法, 岗位晋升 扁平管理 管理规范 精英团队
Python软件开发工程师,1-3年,本科,10k-15k,上海,长宁区,开发/测试/运维类,后端开发,瞬联软件科技（北京）有限公司,瞬联软件科技（北京）有限公司,500-2000人,"移动互联网 ,企业服务","五险一金,带薪年假,弹性工作,氛围自由",2018-03-30 20:28:15, linux 后端开发 通信, 高薪 节日礼物 弹性工作 带薪年假
高级Python工程师,3-5年,本科,25k-50k,北京,朝阳区,开发/测试/运维类,后端开发,摩尔妈妈,北京摩尔妈咪网络科技有限公司,15-50人,移动互联网,"技术大牛,0-1项目,技术驱动,创业氛围",2018-04-02 11:56:40, 教育 专家 资深 Java, 年底双薪 股票期权 定期体检 带薪年假
Python开发,3-5年,本科,15k-25k,苏州,工业园区,开发/测试/运维类,后端开发,问卷网@爱调研,上海众言网络科技有限公司,150-500人,移动互联网,"带薪年假,五险一金,期权奖励,定期体检",2018-03-07 20:26:17, 后端开发 全栈 php Java web, 技能培训 节日礼物 年底双薪 绩效奖金
Python开发工程师,1年以下,大专,3k-5k,广州,海珠区,开发/测试/运维类,测试,广州玖维信息科技有限公司,广州玖维信息科技有限公司,150-500人,"移动互联网,数据服务","周末双休,五险一金,节日福利,房补餐补",2018-04-03 17:54:53, 初级 实习 数据分析 Java 测试, 年底双薪 专项奖金 年终分红 带薪年假
高级Python开发工程师,3-5年,本科,15k-25k,深圳,南山区,技术,后端开发,极光,深圳市和讯华谷信息技术有限公司,150-500人,"移动互联网,数据服务",五险一金、14薪/年、下午茶、工作餐等等,2018-04-03 15:24:54, 云计算 linux 云平台 django, 五险一金 文体活动 团建旅游 美味晚餐
Python研发工程师,1-3年,本科,20k-30k,北京,朝阳区,开发/测试/运维类,后端开发,LBE 科技,永杨安风（北京）科技有限公司,50-150人,移动互联网,"海外APP,社/公全额,海外团建,工作居住证",2018-04-03 10:49:14, 移动互联网 广告营销 Java golang, 绩效奖金 专项奖金 带薪年假 节日礼物
Python开发工程师,3-5年,本科,15k-22k,深圳,南山区,开发/测试/运维类,后端开发,回收宝,深圳回收宝科技有限公司,150-500人,"移动互联网,电子商务","腾讯系团队,大牛导师多,发展前景广,薪资待遇好",2018-04-02 10:27:39, 专家 资深 MySQL 后端, 股票期权 城市核心 岗位晋升 腾讯系
Python/Go 运维开发工程师,3-5年,本科,15k-25k,上海,黄浦区,开发/测试/运维类,后端开发,厚本金融,上海厚本金融信息服务有限公司,2000人以上,金融,"技术前沿,优渥待遇,学习成长",2018-04-02 08:58:08, 高级 爬虫 服务器端 自动化, 技能培训 年底双薪 股票期权 带薪年假
高级python工程师,3-5年,大专,15k-30k,北京,海淀区,开发/测试/运维类,后端开发,新东方教育行业研究院,北京点石经纬科技有限公司,150-500人,"移动互联网,教育","平台好,领导好,大牛多",2018-04-02 09:59:58, 自动化 linux Java, 五险一金 带薪年假 节日礼物 年度旅游
高级Java/PHP/Python工程师,3-5年,本科,15k-24k,北京,朝阳区,开发/测试/运维类,软件开发,ZingFront智线,智线云科技（北京）有限公司,50-150人,"移动互联网,数据服务","带薪年假,福利多,办公环境好,氛围自由",2018-04-02 12:51:15, 软件开发 大数据 算法 全栈能力, 绩效奖金 股票期权 带薪年假 弹性工作
Python,3-5年,本科,9k-16k,深圳,福田区,开发/测试/运维类,后端开发,金证股份,深圳市金证科技股份有限公司,2000人以上,金融,"上市公司,办公环境好,薪资福利好,五险一金",2018-03-14 18:36:47, Java 架构 django, 激情的团队 股票期权 努力变大牛 有舞台给您跳
python开发工程师,1-3年,本科,15k-18k,上海,普陀区,开发/测试/运维类,后端开发,MXCHIP,上海庆科信息技术有限公司,150-500人,硬件,发展空间大,2018-04-03 16:06:54, linux Java, 互联网风口 物联网、高新 Wi-Fi 午餐补助
C++、Python 研发工程师,5-10年,本科,15k-20k,广州,萝岗区,开发/测试/运维类,软件开发,飞锡科技,广州飞锡科技有限公司,少于15人,数据服务,"学习机会多,工作自由",2018-04-03 14:55:54, 嵌入式 软件开发 linux,
python高级开发工程师,5-10年,大专,18k-25k,深圳,福田区,开发/测试/运维类,后端开发,掌贝（云移科技）,广州云移信息科技有限公司,500-2000人,"移动互联网,O2O",五险一金 定期培训 年度体检 生日福利,2018-04-03 11:55:43, 电商 Java 架构, 股票期权 岗位晋升 扁平管理 领导好
高级Python开发工程师,5-10年,本科,15k-30k,上海,静安区,开发/测试/运维类,后端开发,狗尾草智能科技,深圳狗尾草智能科技有限公司,150-500人,"移动互联网,O2O","五险一金,年终多薪,车补餐补,项目奖金",2018-04-03 10:28:15, 体育运动 后台, 年底双薪 股票期权 带薪年假 绩效奖金
Python开发工程师（高级）,3-5年,本科,30k-50k,深圳,南山区,开发/测试/运维类,后端开发,Shopee,深圳虾皮信息科技有限公司,2000人以上,电子商务,东南亚跨境电商平台，发展非常迅速，求大牛,2018-04-03 09:58:08, PHP Ruby, 定期体检 通讯津贴 带薪年假 绩效奖金
python研发工程师,5-10年,本科,15k-25k,北京,海淀区,开发/测试/运维类,后端开发,CDS,北京首都在线科技股份有限公司,150-500人,移动互联网,"薪酬福利好,云计算公司",2018-04-03 09:30:05, 云计算 redis 架构, 绩效奖金 通讯津贴 定期体检 带薪年假
103-中级Python开发工程师,3-5年,本科,15k-25k,上海,杨浦区,开发/测试/运维类,后端开发,华云数据,无锡华云数据技术服务有限公司,500-2000人,"移动互联网,数据服务",各项补贴 带薪年病假 弹性上下班,2018-04-03 09:13:02, 云计算 高级 linux, 节日礼物 带薪年假 岗位晋升 扁平管理
Python,3-5年,本科,10k-15k,宁波,江北区,技术,后端开发,新希望软件,宁波新希望信息技术有限公司,50-150人,"企业服务,生活服务",出国机会，上升空间，踏实做事，靠谱,2018-04-02 15:37:04, php Java MySQL 资深 MQ, 技能培训 年底双薪 专项奖金 带薪年假
中级python研发工程师,3-5年,本科,8k-15k,成都,高新区,开发/测试/运维类,后端开发,路行通,成都路行通信息技术有限公司,500-2000人,"移动互联网,生活服务","高绩效奖励,多维度发展,完善福利,人性化管理",2018-04-02 09:45:37, web后端, 年度旅游 岗位晋升 管理规范 定期体检
Python工程师,3-5年,本科,25k-35k,北京,东城区,开发/测试/运维类,后端开发,凡普金科,凡普金科集团有限公司,2000人以上,金融,"六险一金,数据驱动,敏捷开发,行业风口",2018-03-22 10:41:03, 云计算 分布式 redis, 年底双薪 节日礼物 技能培训 带薪年假
python开发工程师,3-5年,本科,20k-36k,北京,海淀区,开发/测试/运维类,后端开发,一亩田,北京一人一亩田网络科技有限公司,150-500人,"移动互联网,电子商务","临近地铁,大牛团队,六险一金,年终奖",2018-04-03 10:42:28, 大数据 数据挖掘 人工智能 算法 挖掘, 节日礼物 年底双薪 专项奖金 股票期权
python开发工程师,3-5年,本科,20k-40k,北京,朝阳区,开发/测试/运维类,软件开发,一览科技,北京一览科技有限公司,150-500人,"移动互联网,文化娱乐",福利优厚,2018-04-03 10:28:15, 视频 资深 高级 中级 软件开发 大数据, 股票期权 弹性工作 领导好 扁平管理
Python 开发工程师,3-5年,不限,14k-28k,北京,朝阳区,开发/测试/运维类,后端开发,磁力信,北京磁力信科技有限公司,15-50人,"教育,移动互联网","项目前景好,技术氛围好,餐补房补,成长基金",2018-04-02 20:21:24, php Java, 带薪年假 成长基金 定期体检 午餐补助
Python开发工程师,3-5年,大专,20k-35k,上海,浦东新区,开发/测试/运维类,后端开发,趣头条,上海基分文化传播有限公司,500-2000人,移动互联网,"平均15薪,餐补,六险一金",2018-04-02 15:47:18, 爬虫, 专项奖金 带薪年假 弹性工作 管理规范
Python程序员,1-3年,大专,6k-8k,徐州,泉山区,开发/测试/运维类,后端开发,徐州灵匠,徐州灵匠信息科技有限公司,50-150人,"移动互联网,企业服务","待遇好,公司旅游",2018-04-02 13:49:44, php MySQL 后端, 90后 80后 自主研发 低保13薪
Python高级开发工程师,3-5年,本科,16k-30k,深圳,福田区,开发/测试/运维类,后端开发,乐格信息,乐格商业咨询（深圳）有限公司,150-500人,"企业服务,数据服务","精英团队,个人成长,外企文化,创业精神",2018-04-02 08:55:40, 后端开发 架构, 节日礼物 技能培训 职业发展预期 岗位晋升
Python开发工程师,1-3年,本科,12k-20k,北京,朝阳区,开发/测试/运维类,后端开发,玖富集团,玖富金科控股集团有限责任公司,2000人以上,金融,"绩效奖金,平台发展好,六险一金,年度体检",2018-04-01 22:22:23, 大数据 人工智能 爬虫, 绩效奖金 免费班车 五险一金 部门旅游
Python开发,1-3年,本科,10k-15k,成都,武侯区,开发/测试/运维类,后端开发,成都肆零肆,成都市肆零肆网络科技有限公司,15-50人,"信息安全,数据服务","双休,六险一金,无限饮料,内部交流",2018-03-30 13:47:25, node.js flask django, 弹性工作 帅哥多 节日礼物 管理规范
Python开发,3-5年,本科,15k-25k,上海,闵行区,开发/测试/运维类,后端开发,果雪科技,上海果雪信息科技有限公司,50-150人,移动互联网,"技术大牛,各类补贴,氛围好,年终奖金",2018-03-26 10:45:21, 云计算 电商 Ruby, 年底双薪 带薪年假 午餐补助 通讯津贴
python开发工程师,1-3年,大专,10k-15k,北京,东城区,开发/测试/运维类,后端开发,北京理享家,北京理享家商务信息咨询有限公司,150-500人,金融,"C轮企业,成熟产品,成长快速,氛围浓厚",2018-03-23 10:09:11, 中级 php Java web, 年底双薪 技能培训 绩效奖金 岗位晋升
python开发工程师,1-3年,本科,10k-20k,北京,海淀区,开发/测试/运维类,后端开发,博云,苏州博纳讯动软件有限公司,150-500人,"移动互联网,企业服务","Linux,pytho,自动化",2018-04-03 15:51:17, linux C++ Java, 凝聚力强 客户群广 发展迅速 团队年轻
资深python开发工程师,5-10年,本科,15k-25k,深圳,福田区,开发/测试/运维类,后端开发,Gridsum 国双,北京国双科技有限公司,500-2000人,"数据服务,企业服务",大数据上市公司 福利待遇好 成长空间大,2018-04-03 13:49:54, 全栈 GO linux 运维, 年度旅游 节日礼物 年底双薪 带薪年假
高级 Python 研发工程师（上海）,3-5年,本科,10k-20k,上海,杨浦区,开发/测试/运维类,后端开发,DAOCLOUD,上海道客网络科技有限公司,150-500人,"企业服务,数据服务","大牛环绕,弹性工作,福利优厚",2018-04-03 10:30:34, 云计算 Java, 工程师文化 业界大牛 改变世界 豪华团队
python工程师,3-5年,本科,15k-25k,上海,徐汇区,开发/测试/运维类,后端开发,上海青客,上海青客公共租赁住房租赁经营管理股份有限公司,500-2000人,"移动互联网,O2O",办公环境，年终奖，晋升,2018-04-02 17:54:28, 云计算 大数据 数据分析 数据挖掘, 技能培训 年底双薪 专项奖金 股票期权
python高级工程师,5-10年,本科,25k-35k,北京,朝阳区,开发/测试/运维类,后端开发,好巧,北京好巧国际旅行社有限公司,150-500人,数据服务,"带薪年假,弹性工作,五险一金,股票期权",2018-04-02 09:32:02,, 五险一金 弹性工作 扁平管理 百万医疗
Python,1-3年,不限,10k-20k,上海,浦东新区,技术,后端开发,现金巴士,微额速达(上海)金融信息服务有限公司,150-500人,"移动互联网,金融","硅谷大神,私厨,五星健身房,弹性制度",2018-03-30 11:36:59, 福利待遇好 团队氛围好, 股票期权 带薪年假 绩效奖金 年终分红
python工程师,1-3年,本科,15k-30k,北京,朝阳区,开发/测试/运维类,后端开发,猎户星空,北京猎户星空科技有限公司,150-500人,"移动互联网,硬件",大牛云集，人工智能，扁平管理,2018-03-29 11:49:25, linux django, 年度旅游 弹性工作 领导好 五险一金
Python开发／后端软件工程师.,3-5年,本科,20k-30k,上海,虹口区,开发/测试/运维类,后端开发,Juwai,宏居网络技术（上海）有限公司,50-150人,移动互联网,氛围好,2018-04-03 10:18:56, 后端开发 js linux, 带薪年假 岗位晋升 扁平管理 美女多
Python开发工程师,3-5年,本科,18k-35k,北京,朝阳区,开发/测试/运维类,后端开发,闪银奇异,北京闪银奇异科技有限公司,500-2000人,"移动互联网,金融","六险一金,丰厚年终奖,大牛云集,免费自助餐",2018-04-02 10:01:56,, 13~15薪 晋升空间大 定期体检 能力定薪
Python工程师,1-3年,本科,25k-35k,北京,朝阳区,开发/测试/运维类,后端开发,企鹅创新,企鹅创新（北京）科技有限公司,15-50人,"硬件,移动互联网","Djang,主流Web,数据库",2018-04-02 16:06:40, 资深 node.js Java,
Python工程师,1-3年,大专,4k-8k,达州,通川区,开发/测试/运维类,后端开发,四川金垣信息技术服务有限公司,四川金垣信息技术服务有限公司,15-50人,"移动互联网,电子商务","五险,生日福利,绩效奖金,中午包餐",2018-04-02 10:27:36, 爬虫," """""
Python工程师,1-3年,大专,8k-12k,深圳,南山区,开发/测试/运维类,后端开发,柚子街,深圳柚子街科技有限公司,15-50人,"移动互联网,O2O","业界前沿,业绩激励,弹性办公,大牛多",2018-04-01 21:47:00, web 服务器端 自动化 linux Java, 股票期权 带薪年假 年度旅游 扁平管理
python开发工程师,1-3年,本科,20K-40K,杭州,西湖区,开发/测试/运维类,后端开发,蚂蚁金服集团,支付宝(杭州)信息技术有限公司,2000人以上,"金融,移动互联网","高挑战,高回报,高可用领域,未上市",2018-03-31 19:52:46, 云计算 专家 linux golang, 年底双薪 带薪年假 股票期权 绩效奖金
Python开发工程师,5-10年,本科,15k-30k,北京,朝阳区,开发/测试/运维类,后端开发,新一代互联网旅行社平台,北京撞见旅行国际旅行社有限公司,50-150人,"企业服务,旅游","五险一金,扁平化,补助,弹性",2018-04-03 17:29:26, 广告营销 数据挖掘 算法, 专项奖金 绩效奖金 各种奖金
python程序员,1-3年,大专,6k-12k,泉州,丰泽区,开发/测试/运维类,软件开发,国脉生物,福建国脉生物科技有限公司,50-150人,医疗健康,"前景好,双休,氛围好,人才公寓",2018-04-03 09:27:03, 软件开发 大数据 数据挖掘 算法,
Python开发工程师,1-3年,本科,8k-15k,广州,天河区,开发/测试/运维类,后端开发,海南元游信息,海南元游信息技术有限公司广州分公司,150-500人,游戏,"包餐,加班费,六险一金,绩效奖",2018-04-02 14:34:57, 游戏 中级 爬虫 后端 Node.js, 年终分红 包餐 五险一金 绩效奖金
Python开发工程师,3-5年,本科,15k-25k,北京,海淀区,开发/测试/运维类,后端开发,优识云创,优识云创（北京）科技有限公司,50-150人,移动互联网,"14薪,五险一金,地铁周边,扁平化管理",2018-04-03 15:23:14, 后端开发 php Java, 绩效奖金 股票期权 五险一金 带薪年假
Python软件开发工程师,1年以下,大专,4k-6k,广州,天河区,开发/测试/运维类,软件开发,广州玖维信息科技有限公司,广州玖维信息科技有限公司,150-500人,"移动互联网,数据服务","双休,提成,带薪休假,五险一金",2018-04-03 14:25:32, 初级 实习 linux Java, 年底双薪 专项奖金 年终分红 带薪年假
资深python开发工程师,3-5年,不限,15k-25k,上海,徐汇区,开发/测试/运维类,后端开发,游族网络,上海游族信息技术有限公司,500-2000人,"移动互联网,游戏","工作氛围好,发展空间大,专业培训,各种团建",2018-04-03 14:19:36,, 五险一金 岗位晋升 弹性工作 扁平管理
Python开发工程师(云栖小镇),1-3年,本科,10k-18k,杭州,西湖区,开发/测试/运维类,后端开发,武汉佰钧成技术有限公司,武汉佰钧成技术有限责任公司,2000人以上,移动互联网,"大牛,最新领域,技术,美女",2018-04-03 09:46:25, linux 测试开发, 带薪年假 计算机软件 管理规范 定期体检
Python软件开发工程师,1-3年,本科,13k-18k,深圳,南山区,开发/测试/运维类,后端开发,深信服科技集团,深信服科技股份有限公司,2000人以上,"信息安全,企业服务","福利好,待遇高",2018-04-02 17:21:16, django, 三餐全包 大牛超多 年终奖超多 大公司，稳定
高级Python开发,3-5年,本科,20k-40k,上海,浦东新区,开发/测试/运维类,后端开发,坚果云,上海亦存网络科技有限公司,50-150人,"企业服务,数据服务","薪酬丰厚,扁平化管理,学习平台",2018-03-27 17:13:18, 云计算 Java hadoop 分布式 redis, 技能培训 专项奖金 绩效奖金 扁平管理
Python开发工程师,1-3年,大专,10k-15k,深圳,福田区,开发/测试/运维类,后端开发,新炬网络,上海新炬网络技术有限公司,500-2000人,"移动互联网,数据服务","平台大,发展前景好,五险一金,资深团队",2018-04-03 14:41:53, Java, 技能培训 年底双薪 岗位晋升 年度旅游
高级python开发工程师,1-3年,本科,15k-30k,北京,朝阳区,技术,后端开发,她理财,北京新工场投资顾问有限公司,50-150人,"移动互联网,金融",互联网金融 无天花板 六险一金 期权激励,2018-04-03 10:44:18, golang, 年底双薪 节日礼物 技能培训 绩效奖金
Python开发工程师,3-5年,本科,7k-12k,上海,浦东新区,开发/测试/运维类,后端开发,百硕,百硕同兴科技（北京）有限公司,150-500人,"企业服务,金融","人性化管理,银行,福利健全,领导好",2018-04-03 10:05:52, 大数据 Java, 技能培训 年底双薪 节日礼物 绩效奖金
python开发工程师,3-5年,大专,10k-17k,深圳,南山区,开发/测试/运维类,后端开发,武汉佰钧成技术有限公司,武汉佰钧成技术有限责任公司,2000人以上,移动互联网,"仿真模型,六险一金,节日福利,法定假期",2018-04-03 08:48:19, 高级 中级 大数据 SQL hadoop, 带薪年假 计算机软件 管理规范 定期体检
Python高级研发工程师,3-5年,大专,25k-35k,北京,大兴区,开发/测试/运维类,后端开发,中企动力,中企动力科技股份有限公司,2000人以上,"电子商务,移动互联网",福利待遇 发展前景 技术培训,2018-04-03 16:11:32, php Java, 节日礼物 带薪年假 绩效奖金 岗位晋升
Python 研发工程师,1-3年,本科,12k-24k,武汉,洪山区,开发/测试/运维类,后端开发,青云,北京优帆科技有限公司,150-500人,数据服务,"大牛团队,工程师文化,公司上升期",2018-04-03 11:32:06, 云计算 后端开发 OpenStack, 技能培训 股票期权 带薪年假 绩效奖金
Python开发工程师（上海）,不限,本科,10k-15k,上海,浦东新区,开发/测试/运维类,后端开发,平安科技,平安科技（深圳）有限公司,2000人以上,金融,公司发展前景好，福利待遇好,2018-04-03 09:07:39, 金融 大数据 数据挖掘 算法 数据结构, 节日礼物 年度旅游 岗位晋升 技能培训
python工程师,3-5年,本科,15k-30k,北京,朝阳区,开发/测试/运维类,后端开发,作业盒子,北京作业盒子科技有限公司,500-2000人,"移动互联网,教育","大平台,技术牛,好前景,核心职位",2018-04-02 19:35:55, 后端开发 爬虫 大数据 数据挖掘, 技能培训 年底双薪 节日礼物 年度旅游
高级/资深 python开发工程师,3-5年,本科,20k-30k,杭州,西湖区,开发/测试/运维类,后端开发,Club Factory,杭州嘉云数据科技有限公司,150-500人,"电子商务,移动互联网","高流量,高并发,技术成长快,世界级产品",2018-04-02 09:52:35,, 海量大数据 世界级产品 AI 智能供应链
高级python工程师,3-5年,本科,25k-40k,北京,海淀区,开发/测试/运维类,后端开发,陪我,博瑞天下（北京)科技有限公司,50-150人,"移动互联网,金融","核心产品,团队氛围好,业务前景大,指导新人",2018-04-03 17:55:14, 信息安全 服务器端 php 架构, 股票期权 扁平管理 美女多 五险一金
Python工程师,1年以下,大专,3k-5k,广州,海珠区,开发/测试/运维类,数据开发,广州玖维信息科技有限公司,广州玖维信息科技有限公司,150-500人,"移动互联网,数据服务","周末双休,五险一金,节日福利,房补餐补",2018-04-03 17:54:53, 初级 实习 算法 图像处理 计算机视觉 人工智能, 年底双薪 专项奖金 年终分红 带薪年假
Python系统开发工程师,1-3年,本科,15k-30k,北京,朝阳区,开发/测试/运维类,后端开发,聚宽 JoinQuant,北京小龙虾科技有限公司,50-150人,"金融,数据服务","六险一金,灵活工作制,技术分享,晋升渠道",2018-04-03 17:28:11, 金融 信息安全 php Java docker, 股票期权 带薪年假 扁平管理 定期体检
服务器开发工程师（nodejs/java/python/go,3-5年,本科,15K-30K,北京,海淀区,开发/测试/运维类,后端开发,竞技世界,竞技世界（北京）网络技术有限公司,500-2000人,"移动互联网,游戏",大牛云集，固定调薪，国内外出游，领导好,2018-04-03 15:19:33, 旅游 后端开发 游戏开发 web, 节日礼物 技能培训 年底双薪 年度旅游
Python,3-5年,本科,12k-24k,北京,海淀区,开发/测试/运维类,后端开发,瓦戈科技,瓦戈科技（上海）有限公司,50-150人,移动互联网,"技术大牛多,五险一金,法定节假日",2018-04-03 14:07:11, 服务端, 节日礼物 年度旅游 岗位晋升 美女多
python高级研发,3-5年,大专,20k-35k,上海,静安区,开发/测试/运维类,后端开发,Vechain,上海唯链信息科技有限公司,50-150人,"移动互联网,信息安全","五险一金,不打卡,免费午餐",2018-04-03 10:00:03, 后端 app django, 弹性工作 五险一金 老司机驾校 年底N薪
Python,1-3年,本科,20k-30k,北京,,技术,后端开发,瓜子二手车直卖网,车好多旧机动车经纪(北京)有限公司,2000人以上,O2O,核心项目 BI方向 等你来挑战,2018-04-02 15:24:42, 汽车, 带薪年假 弹性工作 免费班车 美女多
Python开发工程师,3-5年,本科,11k-22k,杭州,,技术,后端开发,沃趣科技,杭州沃趣科技股份有限公司,50-150人,"企业服务,数据服务",精英团队、股票期权，购房贷款、丰厚奖金,2018-04-02 08:47:50, 企业服务, 股票期权 带薪年假 绩效奖金 年度旅游
Python工程师,1-3年,本科,15k-25k,北京,海淀区,技术,后端开发,学堂在线,北京慕华信息科技有限公司,150-500人,"移动互联网,教育",来吧，与技术大牛过招吧！,2018-04-03 14:24:50, 教育, 节日礼物 股票期权 带薪年假 氛围轻松
Python/ Qt开发工程师,1-3年,本科,6k-12k,广州,天河区,开发/测试/运维类,后端开发,健康猫,广州大象健康科技有限公司,500-2000人,移动互联网,"五险一金,带薪年假,年度旅游,培训拓展",2018-04-03 14:07:04, 视频 智能硬件 C++ Windows, 带薪年假 绩效奖金 岗位晋升 美女多
Python开发岗,1-3年,本科,10k-20k,深圳,南山区,开发/测试/运维类,后端开发,试金石信用,试金石信用服务有限公司,50-150人,"数据服务,移动互联网","福利好,大牛多",2018-04-03 10:43:00, Java 爬虫, 绩效奖金 带薪年假 交通补助 午餐补助
Python开发工程师[亦庄],不限,本科,15k-30k,北京,大兴区,开发/测试/运维类,后端开发,天润融通,北京天润融通科技有限公司,150-500人,"企业服务,数据服务","AI,机器学习",2018-04-03 09:25:18,, 五险一金 带薪年假 免费班车 领导好
python攻城狮,1-3年,本科,9k-15k,北京,大兴区,开发/测试/运维类,后端开发,罗威亚科技,北京罗威亚科技有限公司,15-50人,"移动互联网,硬件","平台好,技术新,大牛带,团队棒",2018-04-02 15:52:16, 云计算 中级 初级 golang django, 扁平管理 技能培训 弹性工作 领导好
Python软件开发工程师,1-3年,本科,7k-9k,青岛,李沧区,开发/测试/运维类,后端开发,七星旭游有限公司,青岛七星旭游软件有限公司,15-50人,移动互联网,"双休,弹性工作",2018-04-02 10:06:59, 大数据 算法 数据开发 NoSQL,
Python开发工程师,3-5年,大专,15k-25k,上海,浦东新区,开发/测试/运维类,后端开发,驻云,上海驻云信息科技有限公司,150-500人,"移动互联网,企业服务","阿里云,晋升快,空间大",2018-04-02 09:26:49,, 股票期权 带薪年假 定期体检 年度旅游
高级Python开发工程师,3-5年,本科,15k-30k,杭州,拱墅区,开发/测试/运维类,后端开发,酷家乐,杭州群核信息技术有限公司,500-2000人,移动互联网,"期权激励,D轮融资,行业第一,技术牛人多",2018-03-29 11:27:37,, 两次加薪 弹性工作 期权丰厚 两次晋升
Python 开发工程师,1-3年,本科,18k-36k,北京,海淀区,开发/测试/运维类,后端开发,知乎,北京智者天下科技有限公司,500-2000人,"移动互联网,社交网络",健康三餐 免费健身游泳 大牛团队,2018-03-12 11:47:31, 信息安全 Java web, 年底双薪 股票期权 带薪年假 定期体检
Python开发工程师,3-5年,本科,15k-25k,杭州,,技术,后端开发,京东金融,京东金融,2000人以上,金融,餐补+年终奖+良好的晋升空间,2018-04-03 08:52:40,, 供应链金融 消费金融 众筹业务 支付业务
Python开发工程师,1-3年,本科,10k-20k,深圳,南山区,开发/测试/运维类,后端开发,行云智能,行云智能（深圳）技术有限公司,15-50人,"移动互联网,硬件","扁平化管理,周末双休,年终奖,发展空间大",2018-04-02 10:02:53, 算法, 年终分红 绩效奖金 专项奖金 带薪年假
Python工程师,1-3年,本科,8k-16k,杭州,滨江区,开发/测试/运维类,后端开发,中科视拓,中科视拓（北京）科技有限公司,50-150人,企业服务,"大咖分享,补贴绩效奖,升职加薪快,团队氛围好",2018-03-09 14:24:22, node.js php, 交通补助 午餐补助 扁平管理 弹性工作
Python开发工程师,3-5年,本科,14k-20k,深圳,南山区,开发/测试/运维类,后端开发,盖威,深圳市盖威科技有限公司,150-500人,金融,福利待遇好,2018-04-03 16:11:47, linux C++, 绩效奖金 五险一金 交通补助 带薪年假
Python开发工程师,3-5年,本科,20k-40k,北京,海淀区,开发/测试/运维类,后端开发,瓜子二手车直卖网,车好多旧机动车经纪(北京)有限公司,2000人以上,O2O,最高19薪 独角兽公司 学习型团队,2018-04-02 15:24:39, 高级 中级 初级 php Java, 带薪年假 弹性工作 免费班车 美女多
Python开发工程师,1年以下,大专,4k-6k,广州,天河区,开发/测试/运维类,后端开发,广州玖维信息科技有限公司,广州玖维信息科技有限公司,150-500人,"移动互联网,数据服务","双休,提成,带薪休假,五险一金",2018-04-03 14:25:00, 初级 实习 linux Java, 年底双薪 专项奖金 年终分红 带薪年假
高级Python开发工程师,3-5年,本科,20k-40k,北京,海淀区,开发/测试/运维类,后端开发,乐信圣文,北京乐信圣文科技有限责任公司,50-150人,移动互联网,"项目奖金,五险一金,季度奖金,年终奖",2018-04-03 11:29:12,, 交通补助 午餐补助 项目奖金 季度奖金
Python开发工程师-pass平台方向,5-10年,本科,25k-50k,北京,通州区,开发/测试/运维类,后端开发,京东金融,京东金融,2000人以上,金融,年终奖，带薪年假，班车，午餐晚餐,2018-04-03 08:52:39, 后端开发 大数据 运维, 供应链金融 消费金融 众筹业务 支付业务
初级Python工程师,不限,大专,4k-7k,广州,天河区,开发/测试/运维类,后端开发,广州楠天,广州楠天网络科技有限公司,15-50人,移动互联网,"五险一金,下午茶",2018-04-02 17:53:31, 信息安全 php C++ Java,
PYTHON高级开发工程师,3-5年,不限,18k-25k,深圳,罗湖区,开发/测试/运维类,后端开发,博奥特科技,深圳市博奥特科技有限公司,150-500人,"移动互联网,金融","前景广阔,全新项目,提升空间大,项目背景强",2018-04-02 08:52:09, 云计算 中级 初级 web, 绩效奖金 领导好 帅哥多 美女多
python开发工程师,1-3年,本科,12k-15k,武汉,洪山区,开发/测试/运维类,数据开发,绿盟科技,北京神州绿盟信息安全科技股份有限公司,500-2000人,信息安全,年终奖，丰厚补贴，弹性工作，平台好,2018-03-29 15:54:52, 信息安全 中级 大数据 Java Ruby, 技能培训 节日礼物 股票期权 带薪年假
Python开发工程师,3-5年,本科,10k-20k,武汉,洪山区,开发/测试/运维类,后端开发,阿博茨科技,北京阿博茨科技有限公司,50-150人,移动互联网,"人工智能,大数据,金融科技",2018-03-26 12:07:44, C++ Java MySQL 算法 架构, 五天工作制 带薪假期 健康午餐 体育课
Python高级开发,5-10年,本科,15k-30k,上海,浦东新区,开发/测试/运维类,后端开发,趣头条,上海基分文化传播有限公司,500-2000人,移动互联网,发展空间,2018-04-03 15:26:14, 中级 爬虫, 专项奖金 带薪年假 弹性工作 管理规范
Python高级研发工程师,3-5年,本科,10k-15k,成都,高新区,开发/测试/运维类,后端开发,乐为科技,四川乐为科技有限公司,15-50人,"数据服务,信息安全","项目奖励,年终奖励",2018-04-03 15:06:23, 视频 大数据 Java 爬虫, 带薪年假 绩效奖金 领导好 五险一金
Python研发工程师,1-3年,本科,5k-9k,重庆,渝中区,开发/测试/运维类,后端开发,为国人境外旅行提供通讯相关服务,上海途宝网络技术有限公司,15-50人,"移动互联网,旅游","先进技术,发展前景好,移动互联网,待遇优",2018-04-02 13:38:42, 中级 后端开发 Java MySQL PostgreSQL,
python开发工程师,1-3年,本科,15k-20k,上海,徐汇区,开发/测试/运维类,后端开发,众标网络科技,北京众标网络科技有限公司上海分公司,50-150人,"电子商务,企业服务","前景好,大数据,福利待遇好,大牛多",2018-04-02 11:24:12,, 股票期权 带薪年假 年度旅游 扁平管理
Python工程师,1-3年,本科,15k-30k,北京,朝阳区,开发/测试/运维类,后端开发,大鱼自助游,北京鱼行天下网络科技有限公司,50-150人,旅游,"氛围轻松,有成就感,成长空间大",2018-03-15 11:18:06, 教育 资深 高级 中级 php, 五险一金 专项奖金 半年调薪 团建旅游
资深Python工程师,5-10年,本科,35k-45k,北京,朝阳区,开发/测试/运维类,后端开发,LBE 科技,永杨安风（北京）科技有限公司,50-150人,移动互联网,"移动互联网,绩效奖金,妹子多,国外团建",2018-04-03 10:49:15, 移动互联网 高级, 绩效奖金 专项奖金 带薪年假 节日礼物
资深Python工程师,3-5年,本科,18k-28k,上海,徐汇区,技术,后端开发,壤歌,上海壤歌市场营销策划有限公司,50-150人,"移动互联网,企业服务","技术氛围,技术驱动,弹性工作,文化年轻",2018-04-02 10:33:19,, 股票期权 绩效奖金 岗位晋升 扁平管理
Python软件开发工程师,1年以下,大专,3k-5k,广州,天河区,开发/测试/运维类,后端开发,广州玖维信息科技有限公司,广州玖维信息科技有限公司,150-500人,"移动互联网,数据服务","周末双休,五险一金,节日福利,提供食宿",2018-04-03 16:12:09, 初级 实习 web 爬虫 服务器端, 年底双薪 专项奖金 年终分红 带薪年假
Python高级开发工程师,3-5年,本科,10k-15k,成都,武侯区,开发/测试/运维类,后端开发,成都肆零肆,成都市肆零肆网络科技有限公司,15-50人,"信息安全,数据服务","六险一金,带薪年假,项目提成,周末双休",2018-03-30 13:47:25, 资深 数据分析 大数据, 弹性工作 帅哥多 节日礼物 管理规范
Python开发工程师,1-3年,本科,4k-8k,南宁,西乡塘区,开发/测试/运维类,后端开发,优趣工作室,北京优趣天下信息技术有限公司,15-50人,移动互联网,"创业,极客,技术驱动",2018-03-26 23:15:18, C/C++ linux php Java iOS, 办公环境温馨 周末双休 交通方便 年底双薪
Python,1-3年,大专,10k-20k,武汉,武昌区,技术,后端开发,榆钱金融,北京榆钱投资管理有限公司,150-500人,金融,"弹性工作,氛围好,福利好,前景好",2018-03-20 09:47:57, 大数据 爬虫 搜索, 技能培训 带薪年假 岗位晋升 弹性工作
Python,1-3年,大专,10k-20k,深圳,福田区,开发/测试/运维类,后端开发,博奥特科技,深圳市博奥特科技有限公司,150-500人,"移动互联网,金融","行业前景好,发展空间大",2018-04-03 13:53:27, 金融 大数据 数据分析 量化, 绩效奖金 领导好 帅哥多 美女多
Python开发工程师,1-3年,本科,10k-20k,上海,杨浦区,开发/测试/运维类,后端开发,DAOCLOUD,上海道客网络科技有限公司,150-500人,"企业服务,数据服务","大牛环绕,弹性工作,福利优厚",2018-04-03 10:30:34, 云计算 linux Java, 工程师文化 业界大牛 改变世界 豪华团队
Python开发工程师,1-3年,本科,10k-15k,上海,浦东新区,开发/测试/运维类,后端开发,微瞰智能,微瞰智能科技（上海）有限公司,少于15人,"数据服务,医疗健康","五险一金,绩效奖金,扁平管理,股票期权",2018-04-02 14:04:41, php Java, 股票期权 绩效奖金 年终分红 弹性工作
Python开发工程师,3-5年,本科,10k-20k,北京,海淀区,开发/测试/运维类,后端开发,多点Dmall,多点生活（中国）网络科技有限公司,500-2000人,"电子商务,O2O","平台大,福利好,氛围好,互联网电商",2018-04-02 12:56:41, 电商 大数据 数据分析 数据挖掘, 技能培训 年底双薪 节日礼物 绩效奖金
python工程师,1-3年,本科,10k-20k,上海,徐汇区,开发/测试/运维类,后端开发,上海大岂网络科技有限公司,上海大岂网络科技有限公司,50-150人,移动互联网,"B轮公司,大数据团队,发展空间大,超长年假",2018-04-02 10:21:05, php Java MySQL, 带薪年假 定期体检 年终分红 节日礼物
高级Python开发工程师,3-5年,本科,16k-23k,深圳,南山区,开发/测试/运维类,软件开发,杉岩数据,深圳市杉岩数据技术有限公司,15-50人,"企业服务,数据服务","领导好,发展空间大,9点半上班,扁平化管理",2018-04-02 09:30:42, 云计算 软件开发 Java 存储, 股票期权 扁平管理 领导好 五险一金
Python,1-3年,本科,8K-10K,成都,高新区,开发/测试/运维类,后端开发,捷云智慧,成都捷云智慧科技有限公司,15-50人,移动互联网,"绩效奖金,节日福利",2018-03-29 16:07:33, 后端开发,
Python工程师,1-3年,本科,10k-20k,上海,普陀区,开发/测试/运维类,后端开发,米闲,上海米闲企业管理合伙企业(有限合伙),15-50人,"移动互联网,企业服务","追求极客,业务明确",2018-03-28 10:11:55, 中级 初级 Java django,
高级python工程师,3-5年,本科,20k-40k,上海,长宁区,开发/测试/运维类,后端开发,再惠网络,再惠（上海）网络科技有限公司,150-500人,"移动互联网,企业服务",硅谷文化；免费餐饮,2018-03-06 11:50:01, 资深, 午餐晚餐补助 领导亲和逗逼 丰厚股票期权 年底2-5薪
Python开发工程师,不限,本科,15k-30k,深圳,南山区,技术,后端开发,极光,深圳市和讯华谷信息技术有限公司,150-500人,"移动互联网,数据服务",五险一金、14薪/年、下午茶、工作餐等等,2018-04-03 15:24:55, 云计算 flask JavaScript django, 五险一金 文体活动 团建旅游 美味晚餐
python开发工程师助理可应届,1年以下,大专,4k-6k,无锡,崇安区,开发/测试/运维类,后端开发,燃网络,南京网燃网络科技有限公司,少于15人,"移动互联网,游戏","福利待遇好,晋升快,五险一金,定期体检",2018-04-03 14:59:32, php Java 后端,
python工程师,1-3年,本科,15k-30k,北京,海淀区,开发/测试/运维类,后端开发,乐信圣文,北京乐信圣文科技有限责任公司,50-150人,移动互联网,"五险一金,免费工作餐,年终奖,高端医疗",2018-04-03 11:29:17, 医疗健康 node.js Java, 交通补助 午餐补助 项目奖金 季度奖金
Python,3-5年,本科,15k-30k,深圳,南山区,技术,后端开发,糗事百科,心灵失重（北京）科技有限公司,50-150人,移动互联网,老司机来开车,2018-04-03 10:54:11, 文化娱乐, 媲美名企高薪 无限量零食 五险一金 年度旅游
Python开发工程师,3-5年,本科,5K-10K,郑州,高新区,开发/测试/运维类,数据开发,元鼎科技,北京元鼎时代科技股份有限公司河南分公司,150-500人,移动互联网,五险一金&nbsp;&nbsp;扁平化管理&nbsp;薪资待遇好,2018-04-02 16:22:40, 高级 中级 数据分析 数据挖掘 数据仓库 数据治理," """""
Python Developer Python开发,1-3年,大专,6k-12k,成都,锦江区,开发/测试/运维类,软件开发,NEXA,昊盈信息技术（成都）有限公司,150-500人,"移动互联网,游戏","五险一金,带薪年假,年度体检,交通补贴",2018-04-02 08:36:40, 中级 初级 linux Java, 年底双薪 节日礼物 技能培训 绩效奖金
Python开发工程师,1-3年,本科,15k-30k,北京,海淀区,开发/测试/运维类,后端开发,iHandy,北京汉迪移动互联网科技股份有限公司,150-500人,"移动互联网,社交网络","六险一金,水果零食多,按摩椅,大牛云集",2018-04-01 17:45:26, 中级 服务器端 node.js Java 后端, 带薪年假 定期体检 文化open 美女多
高级爬虫工程师/python开发,3-5年,大专,10k-15k,长沙,岳麓区,开发/测试/运维类,数据开发,连载阅读,湖南本地星网络科技有限公司,15-50人,"移动互联网,电子商务","优秀团队,区块链",2018-03-31 13:52:28, hadoop 数据分析 数据挖掘,
实习Python工程师,不限,本科,5k-8k,北京,朝阳区,开发/测试/运维类,后端开发,星尘数据,北京星尘纪元智能科技有限公司,15-50人,"数据服务,移动互联网","极客团队,算法加持,硅谷文化,百度阿里",2018-03-29 11:16:20, php Java, 股票期权 带薪年假 交通补助 弹性工作
python工程师,1-3年,本科,10k-20k,郑州,中原区,开发/测试/运维类,后端开发,中原消费金融,河南中原消费金融股份有限公司,50-150人,"移动互联网,金融","领导好,待遇优",2018-03-14 11:07:54, Java 爬虫, 绩效奖金 带薪年假 定期体检 节日礼物
Python开发工程师（上海）,不限,本科,15k-30k,上海,浦东新区,开发/测试/运维类,后端开发,平安科技,平安科技（深圳）有限公司,2000人以上,金融,世界50强 节日福利 绩效丰厚,2018-04-03 09:07:29, 大数据 数据挖掘, 节日礼物 年度旅游 岗位晋升 技能培训
python工程师,1-3年,本科,10k-20k,北京,海淀区,开发/测试/运维类,后端开发,陪我,博瑞天下（北京)科技有限公司,50-150人,"移动互联网,金融","竞争力薪酬,年终奖金,实力团队,福利多",2018-04-02 17:26:22, 初级 后端开发 服务器端 Ruby 系统分析, 股票期权 扁平管理 美女多 五险一金
python工程师,1-3年,本科,8k-12k,太原,小店区,开发/测试/运维类,后端开发,优逸客,山西优逸客科技有限公司,50-150人,移动互联网,五险一金,2018-03-29 14:23:47, php MySQL 后端 人工智能, 技能培训 专项奖金 绩效奖金 岗位晋升
Python工程师,3-5年,本科,10k-20k,咸阳,渭城区,开发/测试/运维类,后端开发,奥卡云,西安奥卡云数据科技有限公司,50-150人,数据服务,"薪资高,加班少,管吃住,牛人多",2018-03-27 09:39:21, 中级 MySQL, 绩效奖金 交通补助 午餐补助
Python开发工程师,1-3年,本科,15k-30k,北京,朝阳区,开发/测试/运维类,后端开发,一起作业网,上海一起作业信息科技有限公司,500-2000人,"移动互联网,教育",核心部门,2018-04-03 09:51:36, 教育 django, 节日礼物 岗位晋升 扁平管理 领导好
Python开发工程师,1-3年,大专,9k-16k,深圳,福田区,开发/测试/运维类,后端开发,江苏亿科达,上海海万信息科技股份有限公司,500-2000人,"移动互联网,金融","发展平台,团队合作,五险一金,法定节假日",2018-04-03 08:59:36, 金融 爬虫 django,
资深Python工程师,3-5年,本科,15k-25k,杭州,西湖区,开发/测试/运维类,后端开发,钱粒科技,浙江钱粒科技有限公司,150-500人,移动互联网,"行业前景好,公司发展快,团队牛人多,奖金绩效多",2018-04-02 09:57:53, 信息安全 分布式 网络安全 爬虫 架构, 餐补 弹性工作 扁平管理 绩效奖金
高级Python工程师,1-3年,本科,10k-20k,长沙,芙蓉区,开发/测试/运维类,数据开发,康通,湖南康通电子股份有限公司,150-500人,移动互联网,"福利齐全,大牛并肩,钱途前景",2018-03-27 09:55:05, 数据分析 算法 机器学习 深度学习 语音处理 人工智能, 技能培训 效益奖金 岗位晋升 通讯津贴
JAVA/Python工程师,3-5年,本科,5k-10k,烟台,开发区,开发/测试/运维类,后端开发,欣和企业,烟台欣和企业食品有限公司,2000人以上,生活服务,"领导好,氛围好,有班车",2018-03-12 09:58:28, 大数据 web, 技能培训 节日礼物 绩效奖金 岗位晋升
Python,1-3年,本科,5k-10k,武汉,洪山区,开发/测试/运维类,后端开发,研众科技,武汉研众科技有限公司,少于15人,"移动互联网,O2O","免费午餐,不打卡,寝室氛围,奖金",2018-04-03 10:55:49, 后端 全栈 node.js, 股票期权 岗位晋升 扁平管理 管理规范
Python 开发工程师,1年以下,本科,6k-12k,上海,杨浦区,开发/测试/运维类,后端开发,灵兮科技,上海灵兮信息科技有限公司,15-50人,"移动互联网,企业服务","人工智能,业务发展快,零食随便吃,大牛",2018-04-02 14:52:49, 中级 数据挖掘 人工智能 算法 机器学习, 节日礼物 股票期权 带薪年假 年度旅游
高级python工程师,3-5年,本科,25k-40k,北京,海淀区,开发/测试/运维类,后端开发,今日头条,北京字节跳动科技有限公司,2000人以上,"移动互联网,数据服务",六险一金，高薪期权，弹性工作，免费三餐，租房补贴，休闲下午茶，扁平管理，团队氛围好，优厚薪资,2018-04-02 14:33:00, 后端开发, 扁平管理 弹性工作 大厨定制三餐 就近租房补贴
Python研发工程师,1-3年,本科,15k-30k,上海,闸北区,开发/测试/运维类,运维安全,房多多,深圳市房多多网络科技有限公司,2000人以上,"移动互联网,O2O",平台好，发展广阔，技术大牛多,2018-04-02 10:00:38, 云计算 资深 高级 linux OpenStack 系统工程师, 节日礼物 带薪年假 扁平管理 美女多
python研发工程师,1-3年,本科,6k-11k,南通,崇川区,开发/测试/运维类,后端开发,帝联科技,上海帝联信息科技股份有限公司,500-2000人,移动互联网,"领导好,晋升通道,有培训",2018-03-30 17:23:36, 中级 linux, 节日礼物 技能培训 带薪年假 绩效奖金
Python开发 （长沙）,1-3年,本科,6k-10k,长沙,岳麓区,开发/测试/运维类,后端开发,信美分期,深圳前海信美分期科技有限公司,150-500人,"金融,移动互联网","平台大,升职机会多,加薪快",2018-03-29 17:23:31, 爬虫 数据挖掘,
32-高级Python开发工程师,1-3年,大专,15k-25k,上海,杨浦区,开发/测试/运维类,后端开发,华云数据,无锡华云数据技术服务有限公司,500-2000人,"移动互联网,数据服务",各项补贴 节日福利 弹性上下班 年度旅游,2018-04-03 09:13:03, 中级 Java web, 节日礼物 带薪年假 岗位晋升 扁平管理
Python 工程师,3-5年,本科,15k-30k,上海,闵行区,开发/测试/运维类,软件开发,果雪科技,上海果雪信息科技有限公司,50-150人,移动互联网,"技术牛,福利好,氛围好,老板牛",2018-03-26 10:45:22, 云计算 电商 中级 软件开发 Ruby, 年底双薪 带薪年假 午餐补助 通讯津贴
大数据应用工程师-Python,3-5年,大专,20k-35k,上海,徐汇区,开发/测试/运维类,数据开发,上海拿米金服,上海拿米金融信息服务有限公司,150-500人,"移动互联网,金融","环境佳,技术强,领导好",2018-04-03 12:20:13, 爬虫, 年底双薪 股票期权 带薪年假 通讯津贴
Python研发工程师,1-3年,本科,10k-20k,上海,杨浦区,开发/测试/运维类,软件开发,DAOCLOUD,上海道客网络科技有限公司,150-500人,"企业服务,数据服务","15天年假,5天病假,大牛环绕,技术氛围",2018-04-03 10:30:36, 云计算 软件开发, 工程师文化 业界大牛 改变世界 豪华团队
Python开发工程师,3-5年,本科,12k-20k,深圳,南山区,开发/测试/运维类,软件开发,上海炽聚,上海炽聚网络科技有限公司,50-150人,"电子商务,企业服务",热点行业，五险一金，待遇从优,2018-03-28 14:47:03, 中级 软件开发 linux 运维 云管理, 绩效奖金 交通补助 带薪年假 定期体检
高级python开发工程师,3-5年,本科,20k-40k,北京,海淀区,开发/测试/运维类,后端开发,混沌大学,混沌时代（北京）教育科技有限公司,150-500人,"移动互联网,教育","福利待遇好,超棒团队,弹性工作",2018-03-06 13:39:51, 后端开发 服务器端, 弹性工作 扁平管理 领导好 五险一金
Python/JAVA研发工程师,1-3年,本科,8k-15k,武汉,洪山区,技术,后端开发,绿盟科技,北京神州绿盟信息安全科技股份有限公司,500-2000人,信息安全,五险一金 补充医疗保险 商业保险 餐补,2018-04-03 15:28:23,, 技能培训 节日礼物 股票期权 带薪年假
高级Python开发工程师,3-5年,本科,25k-40k,北京,海淀区,开发/测试/运维类,后端开发,今日头条,北京字节跳动科技有限公司,2000人以上,"移动互联网,数据服务",六险一金，弹性工作，免费三餐，租房补贴，带薪休假，休闲下午茶，扁平管理，健身瑜伽，过亿用户，职业大牛，晋升空间，团队氛围好，优厚薪资,2018-04-01 15:00:56, 后端开发, 扁平管理 弹性工作 大厨定制三餐 就近租房补贴
大数据应用工程师-Python,3-5年,大专,20k-40k,上海,徐汇区,开发/测试/运维类,后端开发,上海拿米金服,上海拿米金融信息服务有限公司,150-500人,"移动互联网,金融","环境好,氛围好",2018-04-03 11:50:59, 爬虫 数据分析, 年底双薪 股票期权 带薪年假 通讯津贴
Python后端开发工程师,3-5年,本科,20k-40k,北京,朝阳区,开发/测试/运维类,后端开发,CastBox,克鲁（北京）网络科技有限公司,15-50人,"移动互联网,文化娱乐","弹性工作,五险一金,福利待遇,股票期权",2018-04-03 11:04:33, 支付 游戏 社交 php Java, 股票期权 弹性工作 六险一金 免费按摩
高级Python工程师,5-10年,本科,20k-35k,上海,浦东新区,开发/测试/运维类,后端开发,上海你我贷互联网金融信息服务,上海你我贷互联网金融信息服务有限公司,2000人以上,金融,公司待遇好,2018-04-03 10:53:35, 云计算 linux, 年底双薪 节日礼物 技能培训 绩效奖金
Python开发工程师/爬虫工程师,3-5年,本科,20k-40k,北京,朝阳区,开发/测试/运维类,后端开发,水滴互助,北京水滴互联科技有限公司,150-500人,"移动互联网,医疗健康",五险一金,2018-04-01 19:29:36, Java, 网络互助 医疗健康 网络筹款 互联网金融
高级python开发工程师,3-5年,本科,20k-30k,北京,海淀区,开发/测试/运维类,软件开发,百融金服,百融（北京）金融信息服务股份有限公司,500-2000人,"金融,数据服务",六险一金,2018-03-29 16:44:50, 软件开发 Java 架构, 技能培训 股票期权 带薪年假 定期体检
初级/实习生 Python研发工程师,不限,本科,2k-4k,重庆,渝中区,开发/测试/运维类,后端开发,博尼施,重庆博尼施科技有限公司,15-50人,移动互联网,"酷,酷,酷,酷",2018-03-26 11:21:42, 后端开发 服务器端, 技能培训 年底双薪 绩效奖金 高速增长
Python开发工程师（成都）,3-5年,本科,10k-18k,成都,双流县,开发/测试/运维类,后端开发,钱方好近,北京钱方银通科技有限公司,150-500人,金融,绩效奖金 六险一金 午餐补助 带薪年假,2018-04-03 15:16:26,, 节日礼物 带薪年假 绩效奖金 年度旅游
python软件开发助理,1年以下,大专,3k-6k,无锡,崇安区,开发/测试/运维类,软件开发,燃网络,南京网燃网络科技有限公司,少于15人,"移动互联网,游戏","员工聚餐,工作氛围好,不加班,定期体检",2018-04-03 13:34:37, 旅游 php Java 网站开发,
数据工程师（Python）,3-5年,本科,15k-30k,深圳,南山区,开发/测试/运维类,后端开发,华润置地,华润置地有限公司,2000人以上,其他,"500强,创新业务,福利好",2018-04-03 11:10:21, 后端开发 大数据 MySQL, 带薪年假 绩效奖金 岗位晋升 管理规范
Python开发工程师,1-3年,大专,6k-12k,西安,雁塔区,开发/测试/运维类,后端开发,烛照科技,西安烛照信息科技有限公司,少于15人,"移动互联网,教育","五险一金,带薪年假,晋升空间,福利聚餐",2018-04-03 09:44:54, 中级 后端开发 后端, 股票期权 专项奖金 带薪年假 年终分红
高级Python开发工程师,3-5年,本科,16k-22k,深圳,南山区,开发/测试/运维类,后端开发,明源云链,深圳市明源云采购电子商务有限公司,2000人以上,"移动互联网,企业服务","牛人多,扁平化管理",2018-04-02 22:18:02, 教育 大数据 数据分析 Java, 带薪年假 绩效奖金 定期体检 通讯津贴
Python开发工程师,3-5年,本科,15k-30k,北京,海淀区,开发/测试/运维类,后端开发,全品学堂,北京全品文教科技股份有限公司,500-2000人,"O2O,教育","股票期权,绩效奖金,年终分红,发展空间大",2018-04-02 16:41:50, 教育 云计算 架构师 C/C++ linux, 股票期权 绩效奖金 带薪年假 年终分红
Python开发,1-3年,本科,8k-15k,上海,,技术,后端开发,NextTao 互道信息,互道信息技术（上海）有限公司,50-150人,"移动互联网,电子商务",带薪年假 定期体检 弹性工作 领导好,2018-04-02 10:13:29, 云计算 linux 后端开发 PostgreSQL, 节日礼物 技能培训 年底双薪 绩效奖金
Python,3-5年,本科,10k-18k,南京,江宁区,开发/测试/运维类,后端开发,飞常准,飞友科技有限公司,150-500人,移动互联网,"六险一金,周末双休,年终奖金,境外旅游",2018-04-02 09:50:14, 大数据 Java 数据库, 节日礼物 年度旅游 管理规范 五险一金
Python开发工程师,1-3年,本科,10k-20k,珠海,香洲区,开发/测试/运维类,软件开发,珠海哈工有思科技有限公司,珠海哈工有思科技有限公司,15-50人,其他,"创新,开放",2018-04-02 09:25:22, 软件开发 C++ 自动化, 午餐补助 带薪年假 股票期权 通讯津贴
Python软件开发工程师,1-3年,本科,10k-20k,杭州,拱墅区,开发/测试/运维类,后端开发,浙江执御信息技术有限公司,浙江执御信息技术有限公司,2000人以上,"移动互联网,数据服务","公司上升期,团队氛围好,福利待遇全,业务前景好",2018-04-02 09:25:21, 广告营销 MySQL, 五险一金 带薪年假 节日礼物 年度旅游
Python开发工程师,1-3年,本科,10k-15k,深圳,南山区,开发/测试/运维类,后端开发,酷竞NBA,深圳酷竞科技有限公司,15-50人,"文化娱乐,游戏","涨薪频率快,涨薪频率快,涨薪频率快,含薪假期",2018-04-01 19:14:25, 中级 后端开发, 交通补助 绩效奖金 专项奖金 带薪年假
Python研发工程师,3-5年,大专,15k-30k,北京,海淀区,开发/测试/运维类,前端开发/移动开发,诚信互通,上海诚信互通网络信息科技有限公司,150-500人,"移动互联网,企业服务",五险一金,2018-03-28 09:36:57, 资深 php Java, 年底双薪 股票期权 带薪年假 绩效奖金
Python开发工程师,3-5年,本科,6k-10k,上海,浦东新区,开发/测试/运维类,后端开发,博云,苏州博纳讯动软件有限公司,150-500人,"移动互联网,企业服务","五险一金,加班补助,弹性工作,绩效奖金",2018-03-28 09:26:21, 云计算 linux, 凝聚力强 客户群广 发展迅速 团队年轻
资深Python开发工程师,5-10年,本科,25k-35k,上海,杨浦区,开发/测试/运维类,后端开发,UCloud,上海优刻得信息科技有限公司,500-2000人,"数据服务,企业服务","六险一金,弹性工作,年终旅游,技术挑战",2018-03-26 21:30:06, 云计算 专家 Java, 节日礼物 技能培训 股权激励计划 代码改变世界
python开发工程师,1-3年,本科,20k-35k,北京,海淀区,开发/测试/运维类,后端开发,今日头条,北京字节跳动科技有限公司,2000人以上,"移动互联网,数据服务",六险一金，高薪期权，弹性工作，免费三餐，租房补贴，休闲下午茶，扁平管理，团队氛围好，优厚薪资,2018-04-02 14:32:57, 后端开发, 扁平管理 弹性工作 大厨定制三餐 就近租房补贴
（北京）Python开发工程师,3-5年,本科,15k-30k,北京,海淀区,技术,后端开发,多点Dmall,多点生活（中国）网络科技有限公司,500-2000人,"电子商务,O2O",1亿美金天使轮，互联网创业公司中的富二代,2018-04-02 12:56:41,, 技能培训 年底双薪 节日礼物 绩效奖金
Python,不限,本科,6k-8k,清远,清城区,开发/测试/运维类,后端开发,帕克文化,清远市帕克文化传媒有限公司,少于15人,社交网络 移动互联网,"老板是大牛,包吃,国内外旅游,绩效奖金",2018-03-30 15:18:26, php MySQL 后端," """""
PYTHON研发工程师,3-5年,本科,25k-35k,北京,朝阳区,开发/测试/运维类,数据开发,麦达数字,深圳市麦达数字股份有限公司,500-2000人,"企业服务,数据服务","上市公司,五险一金,薪酬福利好,发展空间大",2018-03-29 14:35:30, 数据分析 数据挖掘 大数据 算法 爬虫, 股票期权 绩效奖金 带薪年假 定期体检
Python工程师-大数据方向,3-5年,本科,15k-30k,北京,海淀区,开发/测试/运维类,后端开发,高思教育集团,北京高思博乐教育科技股份有限公司,2000人以上,"教育,移动互联网","领导好,氛围好,成长快,平台广阔",2018-03-27 15:58:17, Java, 绩效奖金 带薪年假 专项奖金 六险一金
python开发工程师,3-5年,本科,10k-20k,上海,虹口区,技术,运维,通联数据,通联数据股份公司,150-500人,金融,提供午餐晚餐、补充医疗保险、交通通讯补助,2018-03-19 15:39:36, C++ Java 算法, 五险一金 通讯津贴 带薪年假 节日礼物
中级软件工程师（Python）,3-5年,本科,8k-15k,成都,高新区,开发/测试/运维类,后端开发,微银合创,成都微银合创科技有限公司,15-50人,"企业服务,金融","七险一金,团队氛围,年终奖金,成长晋升",2018-04-03 14:27:52, 金融 数据分析 大数据 Java, 专项奖金 带薪年假 绩效奖金 年度旅游
python开发工程师,3-5年,本科,13k-20k,北京,大兴区,开发/测试/运维类,后端开发,黑牛保,无锡信成网络科技有限公司,15-50人,"移动互联网,金融","五险一金,季度奖励,日常福利,领导nic",2018-04-03 09:53:57, linux Java, 扁平管理 弹性工作 绩效奖金 通讯津贴
Python研发中级工程师,3-5年,本科,15k-30k,北京,海淀区,技术,后端开发,掌控,北京掌控世代科技有限公司,15-50人,"移动互联网,电子商务",行业第一 技术导向 大用户 大数据 超强团队,2018-04-03 09:09:18, Java MySQL redis, 带薪年假 定期体检 年度旅游 扁平管理
Python高级研发工程师-度假事业部(J11528),3-5年,本科,20k-40k,北京,海淀区,开发/测试/运维类,软件开发,去哪儿网,北京趣拿软件科技有限公司,2000人以上,移动互联网,团队氛围融洽，帅哥美女多，年假多，年终奖,2018-04-03 08:45:19, 旅游 软件开发 大数据 数据分析 数据挖掘, 技能培训 节日礼物 带薪年假 无息住房贷款
Python高级工程师,1-3年,本科,15k-30k,北京,朝阳区,开发/测试/运维类,后端开发,高域海汇,北京高域海汇科技有限公司,50-150人,移动互联网,年底双薪,2018-04-02 16:11:42, 大数据 Java web," """""
Python开发工程师（后端）,1-3年,本科,20k-30k,北京,朝阳区,开发/测试/运维类,后端开发,快爽,北京心跳时空科技有限公司,15-50人,"移动互联网,文化娱乐","大牛坐镇,天花板高,协作效率高,成长力爆炸",2018-04-02 10:44:16, 旅游 后端开发 Java 算法, 五险一金 中二又疯狂 不打卡 高效专注
【5Miles】Python开发工程师,3-5年,本科,15k-30k,北京,朝阳区,开发/测试/运维类,后端开发,第三石科技,北京第三石科技发展有限公司,50-150人,"移动互联网,电子商务",浓厚的技术氛围，良好的发展前景，福利多多,2018-04-02 10:02:32, 资深 后端开发 Java MySQL, 股票期权 交通补助 带薪年假 扁平管理
搜狗海外输入法-Python高级开发工程师,3-5年,本科,20k-40k,北京,海淀区,开发/测试/运维类,后端开发,搜狗,北京搜狗科技发展有限公司,2000人以上,"移动互联网,数据服务",快速成长，感受全球氛围,2018-04-02 09:44:03, 大数据 Java, 岗位晋升 扁平管理 管理规范 精英团队
Python 研发工程师,3-5年,本科,25k-45k,北京,海淀区,开发/测试/运维类,后端开发,今日头条,北京字节跳动科技有限公司,2000人以上,"移动互联网,数据服务",六险一金，高薪期权，弹性工作，免费三餐，租房补贴，带薪休假，扁平管理，职业大牛，晋升空间,2018-03-27 09:57:00, 后端开发, 扁平管理 弹性工作 大厨定制三餐 就近租房补贴
运维工程师（python方向）,1-3年,大专,7k-12k,上海,浦东新区,开发/测试/运维类,运维安全,泛微,上海泛微网络科技股份有限公司,2000人以上,"移动互联网,企业服务","半年调薪,三餐福利,专业培训,上市公司",2018-04-03 14:31:08, 信息安全 linux Nginx 系统工程师, 技能培训 带薪年假 绩效奖金 岗位晋升
Python开发工程师,3-5年,本科,15k-30k,深圳,南山区,开发/测试/运维类,后端开发,哈哈便利,武汉市哈哈便利科技有限公司,50-150人,"硬件,移动互联网","创业公司,空间大,氛围好",2018-04-03 13:49:59, 资深 高级 linux C++ qt, 股票期权 年终分红 专项奖金
Python开发工程师,1-3年,本科,6k-10k,佛山,南海区,开发/测试/运维类,软件开发,嘉泰科技,广东嘉泰科技有限公司,15-50人,"移动互联网,数据服务","五险一金,绩效奖金,通讯补贴",2018-03-30 11:18:47, 软件开发 MySQL Git mongodb flask django,
python开发工程师,3-5年,大专,8k-15k,济南,市中区,开发/测试/运维类,软件开发,旭升科技,广州旭升网络计算机科技有限公司,50-150人,"移动互联网,电子商务",好,2018-03-30 10:31:59, 云计算 软件开发 linux Windows 自动化, 年底双薪 通讯津贴 五险一金
Python工程师J10008,不限,本科,20k-30k,北京,东城区,开发/测试/运维类,软件开发,TalkingData,北京腾云天下科技有限公司,500-2000人,移动互联网,"大数据,独角兽,技术成长,行业大牛",2018-03-20 10:44:42, 云计算 软件开发 OpenStack, 精英团队 扁平管理 海量数据 弹性工作
Python（年轻人的狂欢）,1-3年,大专,12k-20k,上海,虹口区,开发/测试/运维类,软件开发,雷速体育,上海炫体信息科技有限公司,50-150人,"移动互联网,社交网络","交通补贴,饭补,旅游,下午茶",2018-04-03 10:03:19, 云计算 软件开发, 节日礼物 年底双薪 专项奖金 带薪年假
后端开发工程师（Python）,1-3年,本科,20k-40k,上海,徐汇区,开发/测试/运维类,后端开发,触宝,上海触乐信息科技有限公司,150-500人,"移动互联网,数据服务","行业独角兽,牛人团队,环境极客,福利待遇佳",2018-04-02 09:51:01, 移动互联网 中级 服务器端 linux 数据库, 管理扁平 发展空间大 行业独角兽 带薪年假病假
Python软件开发工程师,1-3年,本科,15k-22k,上海,长宁区,技术,后端开发,阿基米德fm,阿基米德（上海）传媒有限公司,50-150人,"移动互联网,电子商务",五险一金、补充公积金、13薪、饭贴,2018-03-29 08:51:57, 云计算 linux php Java 解决方案, 年底双薪 带薪年假 绩效奖金 扁平管理
Python开发,3-5年,大专,6K-10K,昆明,呈贡区,开发/测试/运维类,软件开发,花易宝科技,昆明花易宝科技有限公司,15-50人,电子商务、移动互联网,朝阳产业，员工持股,2018-03-21 23:11:57, 软件开发 php 微信,
Python工程师,1-3年,大专,8k-15k,广州,天河区,开发/测试/运维类,后端开发,米多网络,广州米多网络科技有限公司,50-150人,"移动互联网,电子商务","年终奖,周末双休,团队气氛好,晋升空间大",2018-04-03 16:30:08, node.js php, 带薪年假 管理规范 年底双薪 股票期权
高级python开发工程师,3-5年,大专,15k-25k,深圳,福田区,开发/测试/运维类,后端开发,博奥特科技,深圳市博奥特科技有限公司,150-500人,"移动互联网,金融","行业前景好,发展空间大,有“钱”景",2018-04-03 13:53:27, django, 绩效奖金 领导好 帅哥多 美女多
Python开发工程师,5-10年,本科,20k-25k,北京,朝阳区,开发/测试/运维类,后端开发,颉一软件,广州杰颉软件科技有限公司,15-50人,"信息安全,数据服务","发展空间大,工作氛围好,全员持股,管理规范",2018-03-24 11:44:09, 信息安全 linux 大数据 Java MySQL, 股票期权 绩效奖金 带薪年假 弹性工作
Python高级工程师,1-3年,不限,25k-40k,北京,海淀区,开发/测试/运维类,后端开发,中科视拓,中科视拓（北京）科技有限公司,50-150人,企业服务,"五险一金,团建津贴,免费体检,节日礼金",2018-03-19 17:55:20, 大数据, 交通补助 午餐补助 扁平管理 弹性工作
python软件工程师,1-3年,不限,10K-15K,杭州,下沙,开发/测试/运维类,软件开发,健培,杭州健培科技有限公司,150-500人,"移动互联网,医疗健康",五险一金，提供早午餐，提供宿舍，高配团队,2018-03-16 17:12:56, 软件开发, 技能培训 带薪年假 岗位晋升 年度旅游
Python工程师,1-3年,大专,15k-25k,深圳,南山区,开发/测试/运维类,后端开发,阿鹿,深圳市健康阿鹿信息科技有限公司,50-150人,"移动互联网,医疗健康","上市公司,实力雄厚,期股权激励,人性化管理",2018-04-02 10:54:31, 专家 总监 资深 php Java, 年底双薪 交通补助 带薪年假 午餐补助
高级python开发工程师,3-5年,本科,15k-30k,北京,海淀区,开发/测试/运维类,后端开发,会分期,会找房（北京）网络技术有限公司,150-500人,移动互联网、金融,"弹性工作制,股票期权,行业巨头,地铁周边",2018-04-02 09:51:21, 支付 云计算 电商 中级, 节日礼物 股票期权 带薪年假 年度旅游
Python,3-5年,本科,15k-30k,上海,杨浦区,开发/测试/运维类,后端开发,亿可能源,亿可能源科技（上海）有限公司,15-50人,"移动互联网,数据服务",技术大牛,2018-03-20 10:36:06, 后端开发 Java MySQL, 技能培训 带薪年假 绩效奖金 岗位晋升
python高级工程师,3-5年,本科,15k-25k,成都,高新区,开发/测试/运维类,后端开发,天广汇通,北京天广汇通科技有限公司,50-150人,"信息安全,数据服务","大数据,六险一金,子女商险,体检",2018-04-03 15:24:59, 大数据 后台, 股票期权 午餐补助 通讯津贴 绩效奖金
python工程师(北京),1-3年,本科,15k-25k,北京,海淀区,开发/测试/运维类,软件开发,码隆科技,深圳码隆科技有限公司,50-150人,移动互联网,发展前景广阔,2018-03-29 11:54:32, 软件开发, 技术大牛集聚 扁平管理 五险一金 领导好
高级python工程师,5-10年,本科,20k-40k,上海,长宁区,开发/测试/运维类,后端开发,再惠网络,再惠（上海）网络科技有限公司,150-500人,"移动互联网,企业服务","免费参与,业界大牛,弹性工作",2018-03-28 17:34:16, 总监 资深 中级, 午餐晚餐补助 领导亲和逗逼 丰厚股票期权 年底2-5薪
服务器端(Python)研发工程师,3-5年,不限,10k-15k,成都,高新区,开发/测试/运维类,后端开发,知道创宇,成都知道创宇信息技术有限公司,500-2000人,信息安全,"弹性工作,零食供应,六险一金,扁平管理",2018-04-03 16:32:19, 云计算 php Java, 节日礼物 岗位晋升 美女多 领导好
python研发工程师,1-3年,本科,13k-25k,北京,大兴区,开发/测试/运维类,前端开发/移动开发,翼课网,广州摩翼信息科技有限公司,500-2000人,"移动互联网 ,教育","队友奈斯,试用期全薪",2018-04-03 10:21:27, web linux Java, 节日礼物 在线教育 岗位晋升 五险一金
高级python开发,3-5年,大专,15k-30k,深圳,南山区,开发/测试/运维类,后端开发,泽林信息,深圳市泽林信息咨询有限公司,500-2000人,教育,"平台大,空间大,不加班",2018-04-03 09:07:21, MySQL, 节日礼物 技能培训 绩效奖金 年度旅游
Python开发工程师,1-3年,不限,8K-15K,珠海,,技术,后端开发,轼域科技,珠海轼域网络科技有限公司,15-50人,"移动互联网,电子商务",弹性工作、与国外大型企业合作、晋升机会大,2018-04-02 12:44:59, php MySQL 后端 阅读, 带薪年假 提供零食 绩效奖金 年度旅游
